,0,1
0,"[(34, 42, '我的父亲宋学连牧师'), (128, 128, '他'), (145, 145, '他'), (173, 174, '父亲'), (201, 202, '爸爸'), (233, 233, '他'), (285, 286, '爸爸'), (313, 313, '他'), (351, 351, '他'), (417, 417, '他'), (431, 431, '我'), (442, 442, '我'), (450, 450, '我'), (463, 463, '他'), (545, 546, '妈妈'), (562, 562, '她'), (615, 616, '妈妈'), (626, 626, '她'), (632, 632, '她'), (663, 671, '已经奄奄一息的妈妈'), (716, 717, '妈妈'), (738, 739, '妈妈'), (762, 763, '妈妈'), (777, 777, '她'), (861, 862, '妈妈'), (960, 961, '妈妈'), (964, 964, '我'), (1048, 1048, '我'), (1102, 1102, '我'), (1132, 1132, '我'), (1140, 1140, '我')]","[(89, 90, '神学'), (193, 194, '神学')]"
1,"[(34, 42, '我的父亲宋学连牧师'), (128, 128, '他'), (145, 145, '他'), (173, 174, '父亲'), (201, 202, '爸爸'), (233, 233, '他'), (285, 286, '爸爸'), (313, 313, '他'), (351, 351, '他'), (417, 417, '他'), (431, 431, '我'), (442, 442, '我'), (450, 450, '我'), (463, 463, '他'), (545, 546, '妈妈'), (562, 562, '她'), (615, 616, '妈妈'), (626, 626, '她'), (632, 632, '她'), (663, 671, '已经奄奄一息的妈妈'), (716, 717, '妈妈'), (738, 739, '妈妈'), (762, 763, '妈妈'), (777, 777, '她'), (861, 862, '妈妈'), (960, 961, '妈妈'), (964, 964, '我'), (1048, 1048, '我'), (1102, 1102, '我'), (1132, 1132, '我'), (1140, 1140, '我')]","[(245, 246, '妈妈'), (252, 253, '妈妈'), (465, 466, '妈妈')]"
2,"[(34, 42, '我的父亲宋学连牧师'), (128, 128, '他'), (145, 145, '他'), (173, 174, '父亲'), (201, 202, '爸爸'), (233, 233, '他'), (285, 286, '爸爸'), (313, 313, '他'), (351, 351, '他'), (417, 417, '他'), (431, 431, '我'), (442, 442, '我'), (450, 450, '我'), (463, 463, '他'), (545, 546, '妈妈'), (562, 562, '她'), (615, 616, '妈妈'), (626, 626, '她'), (632, 632, '她'), (663, 671, '已经奄奄一息的妈妈'), (716, 717, '妈妈'), (738, 739, '妈妈'), (762, 763, '妈妈'), (777, 777, '她'), (861, 862, '妈妈'), (960, 961, '妈妈'), (964, 964, '我'), (1048, 1048, '我'), (1102, 1102, '我'), (1132, 1132, '我'), (1140, 1140, '我')]","[(152, 152, '神'), (263, 263, '主'), (494, 495, '父神'), (497, 497, '他'), (675, 687, '使人起死回生的大医生主耶稣'), (683, 684, '医生'), (707, 707, '我'), (753, 754, '父神'), (850, 850, '主'), (894, 894, '主')]"
3,"[(34, 42, '我的父亲宋学连牧师'), (128, 128, '他'), (145, 145, '他'), (173, 174, '父亲'), (201, 202, '爸爸'), (233, 233, '他'), (285, 286, '爸爸'), (313, 313, '他'), (351, 351, '他'), (417, 417, '他'), (431, 431, '我'), (442, 442, '我'), (450, 450, '我'), (463, 463, '他'), (545, 546, '妈妈'), (562, 562, '她'), (615, 616, '妈妈'), (626, 626, '她'), (632, 632, '她'), (663, 671, '已经奄奄一息的妈妈'), (716, 717, '妈妈'), (738, 739, '妈妈'), (762, 763, '妈妈'), (777, 777, '她'), (861, 862, '妈妈'), (960, 961, '妈妈'), (964, 964, '我'), (1048, 1048, '我'), (1102, 1102, '我'), (1132, 1132, '我'), (1140, 1140, '我')]","[(360, 362, '耶和华'), (395, 397, '耶和华')]"
4,"[(34, 42, '我的父亲宋学连牧师'), (128, 128, '他'), (145, 145, '他'), (173, 174, '父亲'), (201, 202, '爸爸'), (233, 233, '他'), (285, 286, '爸爸'), (313, 313, '他'), (351, 351, '他'), (417, 417, '他'), (431, 431, '我'), (442, 442, '我'), (450, 450, '我'), (463, 463, '他'), (545, 546, '妈妈'), (562, 562, '她'), (615, 616, '妈妈'), (626, 626, '她'), (632, 632, '她'), (663, 671, '已经奄奄一息的妈妈'), (716, 717, '妈妈'), (738, 739, '妈妈'), (762, 763, '妈妈'), (777, 777, '她'), (861, 862, '妈妈'), (960, 961, '妈妈'), (964, 964, '我'), (1048, 1048, '我'), (1102, 1102, '我'), (1132, 1132, '我'), (1140, 1140, '我')]","[(354, 354, '你'), (431, 434, '我的仆人'), (444, 444, '你'), (503, 504, '仆人'), (693, 694, '妇人'), (698, 698, '你'), (710, 710, '你')]"
5,"[(34, 42, '我的父亲宋学连牧师'), (128, 128, '他'), (145, 145, '他'), (173, 174, '父亲'), (201, 202, '爸爸'), (233, 233, '他'), (285, 286, '爸爸'), (313, 313, '他'), (351, 351, '他'), (417, 417, '他'), (431, 431, '我'), (442, 442, '我'), (450, 450, '我'), (463, 463, '他'), (545, 546, '妈妈'), (562, 562, '她'), (615, 616, '妈妈'), (626, 626, '她'), (632, 632, '她'), (663, 671, '已经奄奄一息的妈妈'), (716, 717, '妈妈'), (738, 739, '妈妈'), (762, 763, '妈妈'), (777, 777, '她'), (861, 862, '妈妈'), (960, 961, '妈妈'), (964, 964, '我'), (1048, 1048, '我'), (1102, 1102, '我'), (1132, 1132, '我'), (1140, 1140, '我')]","[(612, 613, '爸爸'), (725, 726, '爸爸'), (899, 900, '丈夫')]"
6,"[(34, 42, '我的父亲宋学连牧师'), (128, 128, '他'), (145, 145, '他'), (173, 174, '父亲'), (201, 202, '爸爸'), (233, 233, '他'), (285, 286, '爸爸'), (313, 313, '他'), (351, 351, '他'), (417, 417, '他'), (431, 431, '我'), (442, 442, '我'), (450, 450, '我'), (463, 463, '他'), (545, 546, '妈妈'), (562, 562, '她'), (615, 616, '妈妈'), (626, 626, '她'), (632, 632, '她'), (663, 671, '已经奄奄一息的妈妈'), (716, 717, '妈妈'), (738, 739, '妈妈'), (762, 763, '妈妈'), (777, 777, '她'), (861, 862, '妈妈'), (960, 961, '妈妈'), (964, 964, '我'), (1048, 1048, '我'), (1102, 1102, '我'), (1132, 1132, '我'), (1140, 1140, '我')]","[(34, 34, '我'), (786, 786, '我'), (923, 923, '我')]"
7,"[(34, 42, '我的父亲宋学连牧师'), (128, 128, '他'), (145, 145, '他'), (173, 174, '父亲'), (201, 202, '爸爸'), (233, 233, '他'), (285, 286, '爸爸'), (313, 313, '他'), (351, 351, '他'), (417, 417, '他'), (431, 431, '我'), (442, 442, '我'), (450, 450, '我'), (463, 463, '他'), (545, 546, '妈妈'), (562, 562, '她'), (615, 616, '妈妈'), (626, 626, '她'), (632, 632, '她'), (663, 671, '已经奄奄一息的妈妈'), (716, 717, '妈妈'), (738, 739, '妈妈'), (762, 763, '妈妈'), (777, 777, '她'), (861, 862, '妈妈'), (960, 961, '妈妈'), (964, 964, '我'), (1048, 1048, '我'), (1102, 1102, '我'), (1132, 1132, '我'), (1140, 1140, '我')]","[(798, 799, '女儿'), (809, 810, '女儿'), (818, 819, '女儿'), (827, 828, '女儿'), (843, 846, '他的女儿')]"
8,"[(34, 42, '我的父亲宋学连牧师'), (128, 128, '他'), (145, 145, '他'), (173, 174, '父亲'), (201, 202, '爸爸'), (233, 233, '他'), (285, 286, '爸爸'), (313, 313, '他'), (351, 351, '他'), (417, 417, '他'), (431, 431, '我'), (442, 442, '我'), (450, 450, '我'), (463, 463, '他'), (545, 546, '妈妈'), (562, 562, '她'), (615, 616, '妈妈'), (626, 626, '她'), (632, 632, '她'), (663, 671, '已经奄奄一息的妈妈'), (716, 717, '妈妈'), (738, 739, '妈妈'), (762, 763, '妈妈'), (777, 777, '她'), (861, 862, '妈妈'), (960, 961, '妈妈'), (964, 964, '我'), (1048, 1048, '我'), (1102, 1102, '我'), (1132, 1132, '我'), (1140, 1140, '我')]","[(786, 793, '我的外祖父陈梦二'), (843, 843, '他')]"
9,"[(34, 42, '我的父亲宋学连牧师'), (128, 128, '他'), (145, 145, '他'), (173, 174, '父亲'), (201, 202, '爸爸'), (233, 233, '他'), (285, 286, '爸爸'), (313, 313, '他'), (351, 351, '他'), (417, 417, '他'), (431, 431, '我'), (442, 442, '我'), (450, 450, '我'), (463, 463, '他'), (545, 546, '妈妈'), (562, 562, '她'), (615, 616, '妈妈'), (626, 626, '她'), (632, 632, '她'), (663, 671, '已经奄奄一息的妈妈'), (716, 717, '妈妈'), (738, 739, '妈妈'), (762, 763, '妈妈'), (777, 777, '她'), (861, 862, '妈妈'), (960, 961, '妈妈'), (964, 964, '我'), (1048, 1048, '我'), (1102, 1102, '我'), (1132, 1132, '我'), (1140, 1140, '我')]","[(27, 28, '父母'), (923, 928, '我的爸爸妈妈')]"
10,"[(34, 42, '我的父亲宋学连牧师'), (128, 128, '他'), (145, 145, '他'), (173, 174, '父亲'), (201, 202, '爸爸'), (233, 233, '他'), (285, 286, '爸爸'), (313, 313, '他'), (351, 351, '他'), (417, 417, '他'), (431, 431, '我'), (442, 442, '我'), (450, 450, '我'), (463, 463, '他'), (545, 546, '妈妈'), (562, 562, '她'), (615, 616, '妈妈'), (626, 626, '她'), (632, 632, '她'), (663, 671, '已经奄奄一息的妈妈'), (716, 717, '妈妈'), (738, 739, '妈妈'), (762, 763, '妈妈'), (777, 777, '她'), (861, 862, '妈妈'), (960, 961, '妈妈'), (964, 964, '我'), (1048, 1048, '我'), (1102, 1102, '我'), (1132, 1132, '我'), (1140, 1140, '我')]","[(1202, 1208, '慈母哭女的哀声'), (1208, 1208, '声')]"
11,"[(34, 42, '我的父亲宋学连牧师'), (128, 128, '他'), (145, 145, '他'), (173, 174, '父亲'), (201, 202, '爸爸'), (233, 233, '他'), (285, 286, '爸爸'), (313, 313, '他'), (351, 351, '他'), (417, 417, '他'), (431, 431, '我'), (442, 442, '我'), (450, 450, '我'), (463, 463, '他'), (545, 546, '妈妈'), (562, 562, '她'), (615, 616, '妈妈'), (626, 626, '她'), (632, 632, '她'), (663, 671, '已经奄奄一息的妈妈'), (716, 717, '妈妈'), (738, 739, '妈妈'), (762, 763, '妈妈'), (777, 777, '她'), (861, 862, '妈妈'), (960, 961, '妈妈'), (964, 964, '我'), (1048, 1048, '我'), (1102, 1102, '我'), (1132, 1132, '我'), (1140, 1140, '我')]","[(1171, 1171, '我'), (1213, 1213, '我'), (1219, 1219, '我'), (1229, 1229, '我'), (1243, 1243, '我'), (1272, 1272, '我'), (1296, 1296, '我'), (1325, 1325, '我'), (2058, 2061, '九岁的我'), (2108, 2108, '我'), (2154, 2154, '我'), (2171, 2171, '我'), (2246, 2246, '我'), (2270, 2270, '我'), (2307, 2307, '我'), (2359, 2359, '我'), (2383, 2383, '我'), (2423, 2423, '我')]"
12,"[(34, 42, '我的父亲宋学连牧师'), (128, 128, '他'), (145, 145, '他'), (173, 174, '父亲'), (201, 202, '爸爸'), (233, 233, '他'), (285, 286, '爸爸'), (313, 313, '他'), (351, 351, '他'), (417, 417, '他'), (431, 431, '我'), (442, 442, '我'), (450, 450, '我'), (463, 463, '他'), (545, 546, '妈妈'), (562, 562, '她'), (615, 616, '妈妈'), (626, 626, '她'), (632, 632, '她'), (663, 671, '已经奄奄一息的妈妈'), (716, 717, '妈妈'), (738, 739, '妈妈'), (762, 763, '妈妈'), (777, 777, '她'), (861, 862, '妈妈'), (960, 961, '妈妈'), (964, 964, '我'), (1048, 1048, '我'), (1102, 1102, '我'), (1132, 1132, '我'), (1140, 1140, '我')]","[(1205, 1205, '女'), (1232, 1235, '小妹妹僵')]"
13,"[(34, 42, '我的父亲宋学连牧师'), (128, 128, '他'), (145, 145, '他'), (173, 174, '父亲'), (201, 202, '爸爸'), (233, 233, '他'), (285, 286, '爸爸'), (313, 313, '他'), (351, 351, '他'), (417, 417, '他'), (431, 431, '我'), (442, 442, '我'), (450, 450, '我'), (463, 463, '他'), (545, 546, '妈妈'), (562, 562, '她'), (615, 616, '妈妈'), (626, 626, '她'), (632, 632, '她'), (663, 671, '已经奄奄一息的妈妈'), (716, 717, '妈妈'), (738, 739, '妈妈'), (762, 763, '妈妈'), (777, 777, '她'), (861, 862, '妈妈'), (960, 961, '妈妈'), (964, 964, '我'), (1048, 1048, '我'), (1102, 1102, '我'), (1132, 1132, '我'), (1140, 1140, '我')]","[(1232, 1240, '小妹妹僵硬冰冷的手'), (1240, 1240, '手')]"
14,"[(34, 42, '我的父亲宋学连牧师'), (128, 128, '他'), (145, 145, '他'), (173, 174, '父亲'), (201, 202, '爸爸'), (233, 233, '他'), (285, 286, '爸爸'), (313, 313, '他'), (351, 351, '他'), (417, 417, '他'), (431, 431, '我'), (442, 442, '我'), (450, 450, '我'), (463, 463, '他'), (545, 546, '妈妈'), (562, 562, '她'), (615, 616, '妈妈'), (626, 626, '她'), (632, 632, '她'), (663, 671, '已经奄奄一息的妈妈'), (716, 717, '妈妈'), (738, 739, '妈妈'), (762, 763, '妈妈'), (777, 777, '她'), (861, 862, '妈妈'), (960, 961, '妈妈'), (964, 964, '我'), (1048, 1048, '我'), (1102, 1102, '我'), (1132, 1132, '我'), (1140, 1140, '我')]","[(1296, 1302, '我主日学的老师'), (1301, 1302, '老师')]"
15,"[(34, 42, '我的父亲宋学连牧师'), (128, 128, '他'), (145, 145, '他'), (173, 174, '父亲'), (201, 202, '爸爸'), (233, 233, '他'), (285, 286, '爸爸'), (313, 313, '他'), (351, 351, '他'), (417, 417, '他'), (431, 431, '我'), (442, 442, '我'), (450, 450, '我'), (463, 463, '他'), (545, 546, '妈妈'), (562, 562, '她'), (615, 616, '妈妈'), (626, 626, '她'), (632, 632, '她'), (663, 671, '已经奄奄一息的妈妈'), (716, 717, '妈妈'), (738, 739, '妈妈'), (762, 763, '妈妈'), (777, 777, '她'), (861, 862, '妈妈'), (960, 961, '妈妈'), (964, 964, '我'), (1048, 1048, '我'), (1102, 1102, '我'), (1132, 1132, '我'), (1140, 1140, '我')]","[(1292, 1294, '主讲人'), (1304, 1304, '他')]"
16,"[(34, 42, '我的父亲宋学连牧师'), (128, 128, '他'), (145, 145, '他'), (173, 174, '父亲'), (201, 202, '爸爸'), (233, 233, '他'), (285, 286, '爸爸'), (313, 313, '他'), (351, 351, '他'), (417, 417, '他'), (431, 431, '我'), (442, 442, '我'), (450, 450, '我'), (463, 463, '他'), (545, 546, '妈妈'), (562, 562, '她'), (615, 616, '妈妈'), (626, 626, '她'), (632, 632, '她'), (663, 671, '已经奄奄一息的妈妈'), (716, 717, '妈妈'), (738, 739, '妈妈'), (762, 763, '妈妈'), (777, 777, '她'), (861, 862, '妈妈'), (960, 961, '妈妈'), (964, 964, '我'), (1048, 1048, '我'), (1102, 1102, '我'), (1132, 1132, '我'), (1140, 1140, '我')]","[(1310, 1321, '橄榄山下客西马尼园的耶稣'), (1320, 1321, '耶稣'), (1369, 1370, '基督')]"
17,"[(34, 42, '我的父亲宋学连牧师'), (128, 128, '他'), (145, 145, '他'), (173, 174, '父亲'), (201, 202, '爸爸'), (233, 233, '他'), (285, 286, '爸爸'), (313, 313, '他'), (351, 351, '他'), (417, 417, '他'), (431, 431, '我'), (442, 442, '我'), (450, 450, '我'), (463, 463, '他'), (545, 546, '妈妈'), (562, 562, '她'), (615, 616, '妈妈'), (626, 626, '她'), (632, 632, '她'), (663, 671, '已经奄奄一息的妈妈'), (716, 717, '妈妈'), (738, 739, '妈妈'), (762, 763, '妈妈'), (777, 777, '她'), (861, 862, '妈妈'), (960, 961, '妈妈'), (964, 964, '我'), (1048, 1048, '我'), (1102, 1102, '我'), (1132, 1132, '我'), (1140, 1140, '我')]","[(1376, 1380, '林鸿万牧师'), (1417, 1419, '林牧师')]"
18,"[(34, 42, '我的父亲宋学连牧师'), (128, 128, '他'), (145, 145, '他'), (173, 174, '父亲'), (201, 202, '爸爸'), (233, 233, '他'), (285, 286, '爸爸'), (313, 313, '他'), (351, 351, '他'), (417, 417, '他'), (431, 431, '我'), (442, 442, '我'), (450, 450, '我'), (463, 463, '他'), (545, 546, '妈妈'), (562, 562, '她'), (615, 616, '妈妈'), (626, 626, '她'), (632, 632, '她'), (663, 671, '已经奄奄一息的妈妈'), (716, 717, '妈妈'), (738, 739, '妈妈'), (762, 763, '妈妈'), (777, 777, '她'), (861, 862, '妈妈'), (960, 961, '妈妈'), (964, 964, '我'), (1048, 1048, '我'), (1102, 1102, '我'), (1132, 1132, '我'), (1140, 1140, '我')]","[(1629, 1640, '一个可容三、四千人的帐幕'), (1639, 1640, '帐幕')]"
19,"[(34, 42, '我的父亲宋学连牧师'), (128, 128, '他'), (145, 145, '他'), (173, 174, '父亲'), (201, 202, '爸爸'), (233, 233, '他'), (285, 286, '爸爸'), (313, 313, '他'), (351, 351, '他'), (417, 417, '他'), (431, 431, '我'), (442, 442, '我'), (450, 450, '我'), (463, 463, '他'), (545, 546, '妈妈'), (562, 562, '她'), (615, 616, '妈妈'), (626, 626, '她'), (632, 632, '她'), (663, 671, '已经奄奄一息的妈妈'), (716, 717, '妈妈'), (738, 739, '妈妈'), (762, 763, '妈妈'), (777, 777, '她'), (861, 862, '妈妈'), (960, 961, '妈妈'), (964, 964, '我'), (1048, 1048, '我'), (1102, 1102, '我'), (1132, 1132, '我'), (1140, 1140, '我')]","[(1280, 1281, '兴化'), (1743, 1744, '兴化'), (1754, 1755, '全城'), (1755, 1755, '城'), (1787, 1790, '自己本地'), (1812, 1813, '兴化'), (1825, 1826, '兴化'), (1895, 1896, '兴化')]"
20,"[(34, 42, '我的父亲宋学连牧师'), (128, 128, '他'), (145, 145, '他'), (173, 174, '父亲'), (201, 202, '爸爸'), (233, 233, '他'), (285, 286, '爸爸'), (313, 313, '他'), (351, 351, '他'), (417, 417, '他'), (431, 431, '我'), (442, 442, '我'), (450, 450, '我'), (463, 463, '他'), (545, 546, '妈妈'), (562, 562, '她'), (615, 616, '妈妈'), (626, 626, '她'), (632, 632, '她'), (663, 671, '已经奄奄一息的妈妈'), (716, 717, '妈妈'), (738, 739, '妈妈'), (762, 763, '妈妈'), (777, 777, '她'), (861, 862, '妈妈'), (960, 961, '妈妈'), (964, 964, '我'), (1048, 1048, '我'), (1102, 1102, '我'), (1132, 1132, '我'), (1140, 1140, '我')]","[(1774, 1776, '来会者'), (1787, 1788, '自己')]"
21,"[(34, 42, '我的父亲宋学连牧师'), (128, 128, '他'), (145, 145, '他'), (173, 174, '父亲'), (201, 202, '爸爸'), (233, 233, '他'), (285, 286, '爸爸'), (313, 313, '他'), (351, 351, '他'), (417, 417, '他'), (431, 431, '我'), (442, 442, '我'), (450, 450, '我'), (463, 463, '他'), (545, 546, '妈妈'), (562, 562, '她'), (615, 616, '妈妈'), (626, 626, '她'), (632, 632, '她'), (663, 671, '已经奄奄一息的妈妈'), (716, 717, '妈妈'), (738, 739, '妈妈'), (762, 763, '妈妈'), (777, 777, '她'), (861, 862, '妈妈'), (960, 961, '妈妈'), (964, 964, '我'), (1048, 1048, '我'), (1102, 1102, '我'), (1132, 1132, '我'), (1140, 1140, '我')]","[(1812, 1820, '兴化万明治西女教士'), (1844, 1844, '她'), (1872, 1876, '女儿万明治'), (1887, 1887, '你')]"
22,"[(34, 42, '我的父亲宋学连牧师'), (128, 128, '他'), (145, 145, '他'), (173, 174, '父亲'), (201, 202, '爸爸'), (233, 233, '他'), (285, 286, '爸爸'), (313, 313, '他'), (351, 351, '他'), (417, 417, '他'), (431, 431, '我'), (442, 442, '我'), (450, 450, '我'), (463, 463, '他'), (545, 546, '妈妈'), (562, 562, '她'), (615, 616, '妈妈'), (626, 626, '她'), (632, 632, '她'), (663, 671, '已经奄奄一息的妈妈'), (716, 717, '妈妈'), (738, 739, '妈妈'), (762, 763, '妈妈'), (777, 777, '她'), (861, 862, '妈妈'), (960, 961, '妈妈'), (964, 964, '我'), (1048, 1048, '我'), (1102, 1102, '我'), (1132, 1132, '我'), (1140, 1140, '我')]","[(1844, 1848, '她母亲撒拉'), (1869, 1870, '撒拉'), (1884, 1884, '我'), (1900, 1900, '我'), (1949, 1949, '我'), (1982, 1983, '撒拉')]"
23,"[(34, 42, '我的父亲宋学连牧师'), (128, 128, '他'), (145, 145, '他'), (173, 174, '父亲'), (201, 202, '爸爸'), (233, 233, '他'), (285, 286, '爸爸'), (313, 313, '他'), (351, 351, '他'), (417, 417, '他'), (431, 431, '我'), (442, 442, '我'), (450, 450, '我'), (463, 463, '他'), (545, 546, '妈妈'), (562, 562, '她'), (615, 616, '妈妈'), (626, 626, '她'), (632, 632, '她'), (663, 671, '已经奄奄一息的妈妈'), (716, 717, '妈妈'), (738, 739, '妈妈'), (762, 763, '妈妈'), (777, 777, '她'), (861, 862, '妈妈'), (960, 961, '妈妈'), (964, 964, '我'), (1048, 1048, '我'), (1102, 1102, '我'), (1132, 1132, '我'), (1140, 1140, '我')]","[(1869, 1878, '撒拉给女儿万明治的信'), (1938, 1939, '此信')]"
24,"[(34, 42, '我的父亲宋学连牧师'), (128, 128, '他'), (145, 145, '他'), (173, 174, '父亲'), (201, 202, '爸爸'), (233, 233, '他'), (285, 286, '爸爸'), (313, 313, '他'), (351, 351, '他'), (417, 417, '他'), (431, 431, '我'), (442, 442, '我'), (450, 450, '我'), (463, 463, '他'), (545, 546, '妈妈'), (562, 562, '她'), (615, 616, '妈妈'), (626, 626, '她'), (632, 632, '她'), (663, 671, '已经奄奄一息的妈妈'), (716, 717, '妈妈'), (738, 739, '妈妈'), (762, 763, '妈妈'), (777, 777, '她'), (861, 862, '妈妈'), (960, 961, '妈妈'), (964, 964, '我'), (1048, 1048, '我'), (1102, 1102, '我'), (1132, 1132, '我'), (1140, 1140, '我')]","[(1996, 2000, '蒲鲁士教士'), (2020, 2024, '蒲鲁士夫妇')]"
25,"[(34, 42, '我的父亲宋学连牧师'), (128, 128, '他'), (145, 145, '他'), (173, 174, '父亲'), (201, 202, '爸爸'), (233, 233, '他'), (285, 286, '爸爸'), (313, 313, '他'), (351, 351, '他'), (417, 417, '他'), (431, 431, '我'), (442, 442, '我'), (450, 450, '我'), (463, 463, '他'), (545, 546, '妈妈'), (562, 562, '她'), (615, 616, '妈妈'), (626, 626, '她'), (632, 632, '她'), (663, 671, '已经奄奄一息的妈妈'), (716, 717, '妈妈'), (738, 739, '妈妈'), (762, 763, '妈妈'), (777, 777, '她'), (861, 862, '妈妈'), (960, 961, '妈妈'), (964, 964, '我'), (1048, 1048, '我'), (1102, 1102, '我'), (1132, 1132, '我'), (1140, 1140, '我')]","[(2212, 2213, '爸爸'), (2252, 2253, '爸爸'), (2276, 2277, '爸爸'), (2297, 2298, '我爸'), (2297, 2299, '我爸爸'), (2366, 2372, '命在旦夕的爸爸')]"
26,"[(34, 42, '我的父亲宋学连牧师'), (128, 128, '他'), (145, 145, '他'), (173, 174, '父亲'), (201, 202, '爸爸'), (233, 233, '他'), (285, 286, '爸爸'), (313, 313, '他'), (351, 351, '他'), (417, 417, '他'), (431, 431, '我'), (442, 442, '我'), (450, 450, '我'), (463, 463, '他'), (545, 546, '妈妈'), (562, 562, '她'), (615, 616, '妈妈'), (626, 626, '她'), (632, 632, '她'), (663, 671, '已经奄奄一息的妈妈'), (716, 717, '妈妈'), (738, 739, '妈妈'), (762, 763, '妈妈'), (777, 777, '她'), (861, 862, '妈妈'), (960, 961, '妈妈'), (964, 964, '我'), (1048, 1048, '我'), (1102, 1102, '我'), (1132, 1132, '我'), (1140, 1140, '我')]","[(2290, 2290, '神'), (2294, 2294, '你'), (2355, 2356, '父神')]"
27,"[(34, 42, '我的父亲宋学连牧师'), (128, 128, '他'), (145, 145, '他'), (173, 174, '父亲'), (201, 202, '爸爸'), (233, 233, '他'), (285, 286, '爸爸'), (313, 313, '他'), (351, 351, '他'), (417, 417, '他'), (431, 431, '我'), (442, 442, '我'), (450, 450, '我'), (463, 463, '他'), (545, 546, '妈妈'), (562, 562, '她'), (615, 616, '妈妈'), (626, 626, '她'), (632, 632, '她'), (663, 671, '已经奄奄一息的妈妈'), (716, 717, '妈妈'), (738, 739, '妈妈'), (762, 763, '妈妈'), (777, 777, '她'), (861, 862, '妈妈'), (960, 961, '妈妈'), (964, 964, '我'), (1048, 1048, '我'), (1102, 1102, '我'), (1132, 1132, '我'), (1140, 1140, '我')]","[(2225, 2226, '咽喉'), (2325, 2328, '爸爸咽喉')]"
28,"[(89, 90, '神学'), (193, 194, '神学')]","[(245, 246, '妈妈'), (252, 253, '妈妈'), (465, 466, '妈妈')]"
29,"[(89, 90, '神学'), (193, 194, '神学')]","[(152, 152, '神'), (263, 263, '主'), (494, 495, '父神'), (497, 497, '他'), (675, 687, '使人起死回生的大医生主耶稣'), (683, 684, '医生'), (707, 707, '我'), (753, 754, '父神'), (850, 850, '主'), (894, 894, '主')]"
30,"[(89, 90, '神学'), (193, 194, '神学')]","[(360, 362, '耶和华'), (395, 397, '耶和华')]"
31,"[(89, 90, '神学'), (193, 194, '神学')]","[(354, 354, '你'), (431, 434, '我的仆人'), (444, 444, '你'), (503, 504, '仆人'), (693, 694, '妇人'), (698, 698, '你'), (710, 710, '你')]"
32,"[(89, 90, '神学'), (193, 194, '神学')]","[(612, 613, '爸爸'), (725, 726, '爸爸'), (899, 900, '丈夫')]"
33,"[(89, 90, '神学'), (193, 194, '神学')]","[(34, 34, '我'), (786, 786, '我'), (923, 923, '我')]"
34,"[(89, 90, '神学'), (193, 194, '神学')]","[(798, 799, '女儿'), (809, 810, '女儿'), (818, 819, '女儿'), (827, 828, '女儿'), (843, 846, '他的女儿')]"
35,"[(89, 90, '神学'), (193, 194, '神学')]","[(786, 793, '我的外祖父陈梦二'), (843, 843, '他')]"
36,"[(89, 90, '神学'), (193, 194, '神学')]","[(27, 28, '父母'), (923, 928, '我的爸爸妈妈')]"
37,"[(89, 90, '神学'), (193, 194, '神学')]","[(1202, 1208, '慈母哭女的哀声'), (1208, 1208, '声')]"
38,"[(89, 90, '神学'), (193, 194, '神学')]","[(1171, 1171, '我'), (1213, 1213, '我'), (1219, 1219, '我'), (1229, 1229, '我'), (1243, 1243, '我'), (1272, 1272, '我'), (1296, 1296, '我'), (1325, 1325, '我'), (2058, 2061, '九岁的我'), (2108, 2108, '我'), (2154, 2154, '我'), (2171, 2171, '我'), (2246, 2246, '我'), (2270, 2270, '我'), (2307, 2307, '我'), (2359, 2359, '我'), (2383, 2383, '我'), (2423, 2423, '我')]"
39,"[(89, 90, '神学'), (193, 194, '神学')]","[(1205, 1205, '女'), (1232, 1235, '小妹妹僵')]"
40,"[(89, 90, '神学'), (193, 194, '神学')]","[(1232, 1240, '小妹妹僵硬冰冷的手'), (1240, 1240, '手')]"
41,"[(89, 90, '神学'), (193, 194, '神学')]","[(1296, 1302, '我主日学的老师'), (1301, 1302, '老师')]"
42,"[(89, 90, '神学'), (193, 194, '神学')]","[(1292, 1294, '主讲人'), (1304, 1304, '他')]"
43,"[(89, 90, '神学'), (193, 194, '神学')]","[(1310, 1321, '橄榄山下客西马尼园的耶稣'), (1320, 1321, '耶稣'), (1369, 1370, '基督')]"
44,"[(89, 90, '神学'), (193, 194, '神学')]","[(1376, 1380, '林鸿万牧师'), (1417, 1419, '林牧师')]"
45,"[(89, 90, '神学'), (193, 194, '神学')]","[(1629, 1640, '一个可容三、四千人的帐幕'), (1639, 1640, '帐幕')]"
46,"[(89, 90, '神学'), (193, 194, '神学')]","[(1280, 1281, '兴化'), (1743, 1744, '兴化'), (1754, 1755, '全城'), (1755, 1755, '城'), (1787, 1790, '自己本地'), (1812, 1813, '兴化'), (1825, 1826, '兴化'), (1895, 1896, '兴化')]"
47,"[(89, 90, '神学'), (193, 194, '神学')]","[(1774, 1776, '来会者'), (1787, 1788, '自己')]"
48,"[(89, 90, '神学'), (193, 194, '神学')]","[(1812, 1820, '兴化万明治西女教士'), (1844, 1844, '她'), (1872, 1876, '女儿万明治'), (1887, 1887, '你')]"
49,"[(89, 90, '神学'), (193, 194, '神学')]","[(1844, 1848, '她母亲撒拉'), (1869, 1870, '撒拉'), (1884, 1884, '我'), (1900, 1900, '我'), (1949, 1949, '我'), (1982, 1983, '撒拉')]"
50,"[(89, 90, '神学'), (193, 194, '神学')]","[(1869, 1878, '撒拉给女儿万明治的信'), (1938, 1939, '此信')]"
51,"[(89, 90, '神学'), (193, 194, '神学')]","[(1996, 2000, '蒲鲁士教士'), (2020, 2024, '蒲鲁士夫妇')]"
52,"[(89, 90, '神学'), (193, 194, '神学')]","[(2212, 2213, '爸爸'), (2252, 2253, '爸爸'), (2276, 2277, '爸爸'), (2297, 2298, '我爸'), (2297, 2299, '我爸爸'), (2366, 2372, '命在旦夕的爸爸')]"
53,"[(89, 90, '神学'), (193, 194, '神学')]","[(2290, 2290, '神'), (2294, 2294, '你'), (2355, 2356, '父神')]"
54,"[(89, 90, '神学'), (193, 194, '神学')]","[(2225, 2226, '咽喉'), (2325, 2328, '爸爸咽喉')]"
55,"[(245, 246, '妈妈'), (252, 253, '妈妈'), (465, 466, '妈妈')]","[(152, 152, '神'), (263, 263, '主'), (494, 495, '父神'), (497, 497, '他'), (675, 687, '使人起死回生的大医生主耶稣'), (683, 684, '医生'), (707, 707, '我'), (753, 754, '父神'), (850, 850, '主'), (894, 894, '主')]"
56,"[(245, 246, '妈妈'), (252, 253, '妈妈'), (465, 466, '妈妈')]","[(360, 362, '耶和华'), (395, 397, '耶和华')]"
57,"[(245, 246, '妈妈'), (252, 253, '妈妈'), (465, 466, '妈妈')]","[(354, 354, '你'), (431, 434, '我的仆人'), (444, 444, '你'), (503, 504, '仆人'), (693, 694, '妇人'), (698, 698, '你'), (710, 710, '你')]"
58,"[(245, 246, '妈妈'), (252, 253, '妈妈'), (465, 466, '妈妈')]","[(612, 613, '爸爸'), (725, 726, '爸爸'), (899, 900, '丈夫')]"
59,"[(245, 246, '妈妈'), (252, 253, '妈妈'), (465, 466, '妈妈')]","[(34, 34, '我'), (786, 786, '我'), (923, 923, '我')]"
60,"[(245, 246, '妈妈'), (252, 253, '妈妈'), (465, 466, '妈妈')]","[(798, 799, '女儿'), (809, 810, '女儿'), (818, 819, '女儿'), (827, 828, '女儿'), (843, 846, '他的女儿')]"
61,"[(245, 246, '妈妈'), (252, 253, '妈妈'), (465, 466, '妈妈')]","[(786, 793, '我的外祖父陈梦二'), (843, 843, '他')]"
62,"[(245, 246, '妈妈'), (252, 253, '妈妈'), (465, 466, '妈妈')]","[(27, 28, '父母'), (923, 928, '我的爸爸妈妈')]"
63,"[(245, 246, '妈妈'), (252, 253, '妈妈'), (465, 466, '妈妈')]","[(1202, 1208, '慈母哭女的哀声'), (1208, 1208, '声')]"
64,"[(245, 246, '妈妈'), (252, 253, '妈妈'), (465, 466, '妈妈')]","[(1171, 1171, '我'), (1213, 1213, '我'), (1219, 1219, '我'), (1229, 1229, '我'), (1243, 1243, '我'), (1272, 1272, '我'), (1296, 1296, '我'), (1325, 1325, '我'), (2058, 2061, '九岁的我'), (2108, 2108, '我'), (2154, 2154, '我'), (2171, 2171, '我'), (2246, 2246, '我'), (2270, 2270, '我'), (2307, 2307, '我'), (2359, 2359, '我'), (2383, 2383, '我'), (2423, 2423, '我')]"
65,"[(245, 246, '妈妈'), (252, 253, '妈妈'), (465, 466, '妈妈')]","[(1205, 1205, '女'), (1232, 1235, '小妹妹僵')]"
66,"[(245, 246, '妈妈'), (252, 253, '妈妈'), (465, 466, '妈妈')]","[(1232, 1240, '小妹妹僵硬冰冷的手'), (1240, 1240, '手')]"
67,"[(245, 246, '妈妈'), (252, 253, '妈妈'), (465, 466, '妈妈')]","[(1296, 1302, '我主日学的老师'), (1301, 1302, '老师')]"
68,"[(245, 246, '妈妈'), (252, 253, '妈妈'), (465, 466, '妈妈')]","[(1292, 1294, '主讲人'), (1304, 1304, '他')]"
69,"[(245, 246, '妈妈'), (252, 253, '妈妈'), (465, 466, '妈妈')]","[(1310, 1321, '橄榄山下客西马尼园的耶稣'), (1320, 1321, '耶稣'), (1369, 1370, '基督')]"
70,"[(245, 246, '妈妈'), (252, 253, '妈妈'), (465, 466, '妈妈')]","[(1376, 1380, '林鸿万牧师'), (1417, 1419, '林牧师')]"
71,"[(245, 246, '妈妈'), (252, 253, '妈妈'), (465, 466, '妈妈')]","[(1629, 1640, '一个可容三、四千人的帐幕'), (1639, 1640, '帐幕')]"
72,"[(245, 246, '妈妈'), (252, 253, '妈妈'), (465, 466, '妈妈')]","[(1280, 1281, '兴化'), (1743, 1744, '兴化'), (1754, 1755, '全城'), (1755, 1755, '城'), (1787, 1790, '自己本地'), (1812, 1813, '兴化'), (1825, 1826, '兴化'), (1895, 1896, '兴化')]"
73,"[(245, 246, '妈妈'), (252, 253, '妈妈'), (465, 466, '妈妈')]","[(1774, 1776, '来会者'), (1787, 1788, '自己')]"
74,"[(245, 246, '妈妈'), (252, 253, '妈妈'), (465, 466, '妈妈')]","[(1812, 1820, '兴化万明治西女教士'), (1844, 1844, '她'), (1872, 1876, '女儿万明治'), (1887, 1887, '你')]"
75,"[(245, 246, '妈妈'), (252, 253, '妈妈'), (465, 466, '妈妈')]","[(1844, 1848, '她母亲撒拉'), (1869, 1870, '撒拉'), (1884, 1884, '我'), (1900, 1900, '我'), (1949, 1949, '我'), (1982, 1983, '撒拉')]"
76,"[(245, 246, '妈妈'), (252, 253, '妈妈'), (465, 466, '妈妈')]","[(1869, 1878, '撒拉给女儿万明治的信'), (1938, 1939, '此信')]"
77,"[(245, 246, '妈妈'), (252, 253, '妈妈'), (465, 466, '妈妈')]","[(1996, 2000, '蒲鲁士教士'), (2020, 2024, '蒲鲁士夫妇')]"
78,"[(245, 246, '妈妈'), (252, 253, '妈妈'), (465, 466, '妈妈')]","[(2212, 2213, '爸爸'), (2252, 2253, '爸爸'), (2276, 2277, '爸爸'), (2297, 2298, '我爸'), (2297, 2299, '我爸爸'), (2366, 2372, '命在旦夕的爸爸')]"
79,"[(245, 246, '妈妈'), (252, 253, '妈妈'), (465, 466, '妈妈')]","[(2290, 2290, '神'), (2294, 2294, '你'), (2355, 2356, '父神')]"
80,"[(245, 246, '妈妈'), (252, 253, '妈妈'), (465, 466, '妈妈')]","[(2225, 2226, '咽喉'), (2325, 2328, '爸爸咽喉')]"
81,"[(152, 152, '神'), (263, 263, '主'), (494, 495, '父神'), (497, 497, '他'), (675, 687, '使人起死回生的大医生主耶稣'), (683, 684, '医生'), (707, 707, '我'), (753, 754, '父神'), (850, 850, '主'), (894, 894, '主')]","[(360, 362, '耶和华'), (395, 397, '耶和华')]"
82,"[(152, 152, '神'), (263, 263, '主'), (494, 495, '父神'), (497, 497, '他'), (675, 687, '使人起死回生的大医生主耶稣'), (683, 684, '医生'), (707, 707, '我'), (753, 754, '父神'), (850, 850, '主'), (894, 894, '主')]","[(354, 354, '你'), (431, 434, '我的仆人'), (444, 444, '你'), (503, 504, '仆人'), (693, 694, '妇人'), (698, 698, '你'), (710, 710, '你')]"
83,"[(152, 152, '神'), (263, 263, '主'), (494, 495, '父神'), (497, 497, '他'), (675, 687, '使人起死回生的大医生主耶稣'), (683, 684, '医生'), (707, 707, '我'), (753, 754, '父神'), (850, 850, '主'), (894, 894, '主')]","[(612, 613, '爸爸'), (725, 726, '爸爸'), (899, 900, '丈夫')]"
84,"[(152, 152, '神'), (263, 263, '主'), (494, 495, '父神'), (497, 497, '他'), (675, 687, '使人起死回生的大医生主耶稣'), (683, 684, '医生'), (707, 707, '我'), (753, 754, '父神'), (850, 850, '主'), (894, 894, '主')]","[(34, 34, '我'), (786, 786, '我'), (923, 923, '我')]"
85,"[(152, 152, '神'), (263, 263, '主'), (494, 495, '父神'), (497, 497, '他'), (675, 687, '使人起死回生的大医生主耶稣'), (683, 684, '医生'), (707, 707, '我'), (753, 754, '父神'), (850, 850, '主'), (894, 894, '主')]","[(798, 799, '女儿'), (809, 810, '女儿'), (818, 819, '女儿'), (827, 828, '女儿'), (843, 846, '他的女儿')]"
86,"[(152, 152, '神'), (263, 263, '主'), (494, 495, '父神'), (497, 497, '他'), (675, 687, '使人起死回生的大医生主耶稣'), (683, 684, '医生'), (707, 707, '我'), (753, 754, '父神'), (850, 850, '主'), (894, 894, '主')]","[(786, 793, '我的外祖父陈梦二'), (843, 843, '他')]"
87,"[(152, 152, '神'), (263, 263, '主'), (494, 495, '父神'), (497, 497, '他'), (675, 687, '使人起死回生的大医生主耶稣'), (683, 684, '医生'), (707, 707, '我'), (753, 754, '父神'), (850, 850, '主'), (894, 894, '主')]","[(27, 28, '父母'), (923, 928, '我的爸爸妈妈')]"
88,"[(152, 152, '神'), (263, 263, '主'), (494, 495, '父神'), (497, 497, '他'), (675, 687, '使人起死回生的大医生主耶稣'), (683, 684, '医生'), (707, 707, '我'), (753, 754, '父神'), (850, 850, '主'), (894, 894, '主')]","[(1202, 1208, '慈母哭女的哀声'), (1208, 1208, '声')]"
89,"[(152, 152, '神'), (263, 263, '主'), (494, 495, '父神'), (497, 497, '他'), (675, 687, '使人起死回生的大医生主耶稣'), (683, 684, '医生'), (707, 707, '我'), (753, 754, '父神'), (850, 850, '主'), (894, 894, '主')]","[(1171, 1171, '我'), (1213, 1213, '我'), (1219, 1219, '我'), (1229, 1229, '我'), (1243, 1243, '我'), (1272, 1272, '我'), (1296, 1296, '我'), (1325, 1325, '我'), (2058, 2061, '九岁的我'), (2108, 2108, '我'), (2154, 2154, '我'), (2171, 2171, '我'), (2246, 2246, '我'), (2270, 2270, '我'), (2307, 2307, '我'), (2359, 2359, '我'), (2383, 2383, '我'), (2423, 2423, '我')]"
90,"[(152, 152, '神'), (263, 263, '主'), (494, 495, '父神'), (497, 497, '他'), (675, 687, '使人起死回生的大医生主耶稣'), (683, 684, '医生'), (707, 707, '我'), (753, 754, '父神'), (850, 850, '主'), (894, 894, '主')]","[(1205, 1205, '女'), (1232, 1235, '小妹妹僵')]"
91,"[(152, 152, '神'), (263, 263, '主'), (494, 495, '父神'), (497, 497, '他'), (675, 687, '使人起死回生的大医生主耶稣'), (683, 684, '医生'), (707, 707, '我'), (753, 754, '父神'), (850, 850, '主'), (894, 894, '主')]","[(1232, 1240, '小妹妹僵硬冰冷的手'), (1240, 1240, '手')]"
92,"[(152, 152, '神'), (263, 263, '主'), (494, 495, '父神'), (497, 497, '他'), (675, 687, '使人起死回生的大医生主耶稣'), (683, 684, '医生'), (707, 707, '我'), (753, 754, '父神'), (850, 850, '主'), (894, 894, '主')]","[(1296, 1302, '我主日学的老师'), (1301, 1302, '老师')]"
93,"[(152, 152, '神'), (263, 263, '主'), (494, 495, '父神'), (497, 497, '他'), (675, 687, '使人起死回生的大医生主耶稣'), (683, 684, '医生'), (707, 707, '我'), (753, 754, '父神'), (850, 850, '主'), (894, 894, '主')]","[(1292, 1294, '主讲人'), (1304, 1304, '他')]"
94,"[(152, 152, '神'), (263, 263, '主'), (494, 495, '父神'), (497, 497, '他'), (675, 687, '使人起死回生的大医生主耶稣'), (683, 684, '医生'), (707, 707, '我'), (753, 754, '父神'), (850, 850, '主'), (894, 894, '主')]","[(1310, 1321, '橄榄山下客西马尼园的耶稣'), (1320, 1321, '耶稣'), (1369, 1370, '基督')]"
95,"[(152, 152, '神'), (263, 263, '主'), (494, 495, '父神'), (497, 497, '他'), (675, 687, '使人起死回生的大医生主耶稣'), (683, 684, '医生'), (707, 707, '我'), (753, 754, '父神'), (850, 850, '主'), (894, 894, '主')]","[(1376, 1380, '林鸿万牧师'), (1417, 1419, '林牧师')]"
96,"[(152, 152, '神'), (263, 263, '主'), (494, 495, '父神'), (497, 497, '他'), (675, 687, '使人起死回生的大医生主耶稣'), (683, 684, '医生'), (707, 707, '我'), (753, 754, '父神'), (850, 850, '主'), (894, 894, '主')]","[(1629, 1640, '一个可容三、四千人的帐幕'), (1639, 1640, '帐幕')]"
97,"[(152, 152, '神'), (263, 263, '主'), (494, 495, '父神'), (497, 497, '他'), (675, 687, '使人起死回生的大医生主耶稣'), (683, 684, '医生'), (707, 707, '我'), (753, 754, '父神'), (850, 850, '主'), (894, 894, '主')]","[(1280, 1281, '兴化'), (1743, 1744, '兴化'), (1754, 1755, '全城'), (1755, 1755, '城'), (1787, 1790, '自己本地'), (1812, 1813, '兴化'), (1825, 1826, '兴化'), (1895, 1896, '兴化')]"
98,"[(152, 152, '神'), (263, 263, '主'), (494, 495, '父神'), (497, 497, '他'), (675, 687, '使人起死回生的大医生主耶稣'), (683, 684, '医生'), (707, 707, '我'), (753, 754, '父神'), (850, 850, '主'), (894, 894, '主')]","[(1774, 1776, '来会者'), (1787, 1788, '自己')]"
99,"[(152, 152, '神'), (263, 263, '主'), (494, 495, '父神'), (497, 497, '他'), (675, 687, '使人起死回生的大医生主耶稣'), (683, 684, '医生'), (707, 707, '我'), (753, 754, '父神'), (850, 850, '主'), (894, 894, '主')]","[(1812, 1820, '兴化万明治西女教士'), (1844, 1844, '她'), (1872, 1876, '女儿万明治'), (1887, 1887, '你')]"
100,"[(152, 152, '神'), (263, 263, '主'), (494, 495, '父神'), (497, 497, '他'), (675, 687, '使人起死回生的大医生主耶稣'), (683, 684, '医生'), (707, 707, '我'), (753, 754, '父神'), (850, 850, '主'), (894, 894, '主')]","[(1844, 1848, '她母亲撒拉'), (1869, 1870, '撒拉'), (1884, 1884, '我'), (1900, 1900, '我'), (1949, 1949, '我'), (1982, 1983, '撒拉')]"
101,"[(152, 152, '神'), (263, 263, '主'), (494, 495, '父神'), (497, 497, '他'), (675, 687, '使人起死回生的大医生主耶稣'), (683, 684, '医生'), (707, 707, '我'), (753, 754, '父神'), (850, 850, '主'), (894, 894, '主')]","[(1869, 1878, '撒拉给女儿万明治的信'), (1938, 1939, '此信')]"
102,"[(152, 152, '神'), (263, 263, '主'), (494, 495, '父神'), (497, 497, '他'), (675, 687, '使人起死回生的大医生主耶稣'), (683, 684, '医生'), (707, 707, '我'), (753, 754, '父神'), (850, 850, '主'), (894, 894, '主')]","[(1996, 2000, '蒲鲁士教士'), (2020, 2024, '蒲鲁士夫妇')]"
103,"[(152, 152, '神'), (263, 263, '主'), (494, 495, '父神'), (497, 497, '他'), (675, 687, '使人起死回生的大医生主耶稣'), (683, 684, '医生'), (707, 707, '我'), (753, 754, '父神'), (850, 850, '主'), (894, 894, '主')]","[(2212, 2213, '爸爸'), (2252, 2253, '爸爸'), (2276, 2277, '爸爸'), (2297, 2298, '我爸'), (2297, 2299, '我爸爸'), (2366, 2372, '命在旦夕的爸爸')]"
104,"[(152, 152, '神'), (263, 263, '主'), (494, 495, '父神'), (497, 497, '他'), (675, 687, '使人起死回生的大医生主耶稣'), (683, 684, '医生'), (707, 707, '我'), (753, 754, '父神'), (850, 850, '主'), (894, 894, '主')]","[(2290, 2290, '神'), (2294, 2294, '你'), (2355, 2356, '父神')]"
105,"[(152, 152, '神'), (263, 263, '主'), (494, 495, '父神'), (497, 497, '他'), (675, 687, '使人起死回生的大医生主耶稣'), (683, 684, '医生'), (707, 707, '我'), (753, 754, '父神'), (850, 850, '主'), (894, 894, '主')]","[(2225, 2226, '咽喉'), (2325, 2328, '爸爸咽喉')]"
106,"[(360, 362, '耶和华'), (395, 397, '耶和华')]","[(354, 354, '你'), (431, 434, '我的仆人'), (444, 444, '你'), (503, 504, '仆人'), (693, 694, '妇人'), (698, 698, '你'), (710, 710, '你')]"
107,"[(360, 362, '耶和华'), (395, 397, '耶和华')]","[(612, 613, '爸爸'), (725, 726, '爸爸'), (899, 900, '丈夫')]"
108,"[(360, 362, '耶和华'), (395, 397, '耶和华')]","[(34, 34, '我'), (786, 786, '我'), (923, 923, '我')]"
109,"[(360, 362, '耶和华'), (395, 397, '耶和华')]","[(798, 799, '女儿'), (809, 810, '女儿'), (818, 819, '女儿'), (827, 828, '女儿'), (843, 846, '他的女儿')]"
110,"[(360, 362, '耶和华'), (395, 397, '耶和华')]","[(786, 793, '我的外祖父陈梦二'), (843, 843, '他')]"
111,"[(360, 362, '耶和华'), (395, 397, '耶和华')]","[(27, 28, '父母'), (923, 928, '我的爸爸妈妈')]"
112,"[(360, 362, '耶和华'), (395, 397, '耶和华')]","[(1202, 1208, '慈母哭女的哀声'), (1208, 1208, '声')]"
113,"[(360, 362, '耶和华'), (395, 397, '耶和华')]","[(1171, 1171, '我'), (1213, 1213, '我'), (1219, 1219, '我'), (1229, 1229, '我'), (1243, 1243, '我'), (1272, 1272, '我'), (1296, 1296, '我'), (1325, 1325, '我'), (2058, 2061, '九岁的我'), (2108, 2108, '我'), (2154, 2154, '我'), (2171, 2171, '我'), (2246, 2246, '我'), (2270, 2270, '我'), (2307, 2307, '我'), (2359, 2359, '我'), (2383, 2383, '我'), (2423, 2423, '我')]"
114,"[(360, 362, '耶和华'), (395, 397, '耶和华')]","[(1205, 1205, '女'), (1232, 1235, '小妹妹僵')]"
115,"[(360, 362, '耶和华'), (395, 397, '耶和华')]","[(1232, 1240, '小妹妹僵硬冰冷的手'), (1240, 1240, '手')]"
116,"[(360, 362, '耶和华'), (395, 397, '耶和华')]","[(1296, 1302, '我主日学的老师'), (1301, 1302, '老师')]"
117,"[(360, 362, '耶和华'), (395, 397, '耶和华')]","[(1292, 1294, '主讲人'), (1304, 1304, '他')]"
118,"[(360, 362, '耶和华'), (395, 397, '耶和华')]","[(1310, 1321, '橄榄山下客西马尼园的耶稣'), (1320, 1321, '耶稣'), (1369, 1370, '基督')]"
119,"[(360, 362, '耶和华'), (395, 397, '耶和华')]","[(1376, 1380, '林鸿万牧师'), (1417, 1419, '林牧师')]"
120,"[(360, 362, '耶和华'), (395, 397, '耶和华')]","[(1629, 1640, '一个可容三、四千人的帐幕'), (1639, 1640, '帐幕')]"
121,"[(360, 362, '耶和华'), (395, 397, '耶和华')]","[(1280, 1281, '兴化'), (1743, 1744, '兴化'), (1754, 1755, '全城'), (1755, 1755, '城'), (1787, 1790, '自己本地'), (1812, 1813, '兴化'), (1825, 1826, '兴化'), (1895, 1896, '兴化')]"
122,"[(360, 362, '耶和华'), (395, 397, '耶和华')]","[(1774, 1776, '来会者'), (1787, 1788, '自己')]"
123,"[(360, 362, '耶和华'), (395, 397, '耶和华')]","[(1812, 1820, '兴化万明治西女教士'), (1844, 1844, '她'), (1872, 1876, '女儿万明治'), (1887, 1887, '你')]"
124,"[(360, 362, '耶和华'), (395, 397, '耶和华')]","[(1844, 1848, '她母亲撒拉'), (1869, 1870, '撒拉'), (1884, 1884, '我'), (1900, 1900, '我'), (1949, 1949, '我'), (1982, 1983, '撒拉')]"
125,"[(360, 362, '耶和华'), (395, 397, '耶和华')]","[(1869, 1878, '撒拉给女儿万明治的信'), (1938, 1939, '此信')]"
126,"[(360, 362, '耶和华'), (395, 397, '耶和华')]","[(1996, 2000, '蒲鲁士教士'), (2020, 2024, '蒲鲁士夫妇')]"
127,"[(360, 362, '耶和华'), (395, 397, '耶和华')]","[(2212, 2213, '爸爸'), (2252, 2253, '爸爸'), (2276, 2277, '爸爸'), (2297, 2298, '我爸'), (2297, 2299, '我爸爸'), (2366, 2372, '命在旦夕的爸爸')]"
128,"[(360, 362, '耶和华'), (395, 397, '耶和华')]","[(2290, 2290, '神'), (2294, 2294, '你'), (2355, 2356, '父神')]"
129,"[(360, 362, '耶和华'), (395, 397, '耶和华')]","[(2225, 2226, '咽喉'), (2325, 2328, '爸爸咽喉')]"
130,"[(354, 354, '你'), (431, 434, '我的仆人'), (444, 444, '你'), (503, 504, '仆人'), (693, 694, '妇人'), (698, 698, '你'), (710, 710, '你')]","[(612, 613, '爸爸'), (725, 726, '爸爸'), (899, 900, '丈夫')]"
131,"[(354, 354, '你'), (431, 434, '我的仆人'), (444, 444, '你'), (503, 504, '仆人'), (693, 694, '妇人'), (698, 698, '你'), (710, 710, '你')]","[(34, 34, '我'), (786, 786, '我'), (923, 923, '我')]"
132,"[(354, 354, '你'), (431, 434, '我的仆人'), (444, 444, '你'), (503, 504, '仆人'), (693, 694, '妇人'), (698, 698, '你'), (710, 710, '你')]","[(798, 799, '女儿'), (809, 810, '女儿'), (818, 819, '女儿'), (827, 828, '女儿'), (843, 846, '他的女儿')]"
133,"[(354, 354, '你'), (431, 434, '我的仆人'), (444, 444, '你'), (503, 504, '仆人'), (693, 694, '妇人'), (698, 698, '你'), (710, 710, '你')]","[(786, 793, '我的外祖父陈梦二'), (843, 843, '他')]"
134,"[(354, 354, '你'), (431, 434, '我的仆人'), (444, 444, '你'), (503, 504, '仆人'), (693, 694, '妇人'), (698, 698, '你'), (710, 710, '你')]","[(27, 28, '父母'), (923, 928, '我的爸爸妈妈')]"
135,"[(354, 354, '你'), (431, 434, '我的仆人'), (444, 444, '你'), (503, 504, '仆人'), (693, 694, '妇人'), (698, 698, '你'), (710, 710, '你')]","[(1202, 1208, '慈母哭女的哀声'), (1208, 1208, '声')]"
136,"[(354, 354, '你'), (431, 434, '我的仆人'), (444, 444, '你'), (503, 504, '仆人'), (693, 694, '妇人'), (698, 698, '你'), (710, 710, '你')]","[(1171, 1171, '我'), (1213, 1213, '我'), (1219, 1219, '我'), (1229, 1229, '我'), (1243, 1243, '我'), (1272, 1272, '我'), (1296, 1296, '我'), (1325, 1325, '我'), (2058, 2061, '九岁的我'), (2108, 2108, '我'), (2154, 2154, '我'), (2171, 2171, '我'), (2246, 2246, '我'), (2270, 2270, '我'), (2307, 2307, '我'), (2359, 2359, '我'), (2383, 2383, '我'), (2423, 2423, '我')]"
137,"[(354, 354, '你'), (431, 434, '我的仆人'), (444, 444, '你'), (503, 504, '仆人'), (693, 694, '妇人'), (698, 698, '你'), (710, 710, '你')]","[(1205, 1205, '女'), (1232, 1235, '小妹妹僵')]"
138,"[(354, 354, '你'), (431, 434, '我的仆人'), (444, 444, '你'), (503, 504, '仆人'), (693, 694, '妇人'), (698, 698, '你'), (710, 710, '你')]","[(1232, 1240, '小妹妹僵硬冰冷的手'), (1240, 1240, '手')]"
139,"[(354, 354, '你'), (431, 434, '我的仆人'), (444, 444, '你'), (503, 504, '仆人'), (693, 694, '妇人'), (698, 698, '你'), (710, 710, '你')]","[(1296, 1302, '我主日学的老师'), (1301, 1302, '老师')]"
140,"[(354, 354, '你'), (431, 434, '我的仆人'), (444, 444, '你'), (503, 504, '仆人'), (693, 694, '妇人'), (698, 698, '你'), (710, 710, '你')]","[(1292, 1294, '主讲人'), (1304, 1304, '他')]"
141,"[(354, 354, '你'), (431, 434, '我的仆人'), (444, 444, '你'), (503, 504, '仆人'), (693, 694, '妇人'), (698, 698, '你'), (710, 710, '你')]","[(1310, 1321, '橄榄山下客西马尼园的耶稣'), (1320, 1321, '耶稣'), (1369, 1370, '基督')]"
142,"[(354, 354, '你'), (431, 434, '我的仆人'), (444, 444, '你'), (503, 504, '仆人'), (693, 694, '妇人'), (698, 698, '你'), (710, 710, '你')]","[(1376, 1380, '林鸿万牧师'), (1417, 1419, '林牧师')]"
143,"[(354, 354, '你'), (431, 434, '我的仆人'), (444, 444, '你'), (503, 504, '仆人'), (693, 694, '妇人'), (698, 698, '你'), (710, 710, '你')]","[(1629, 1640, '一个可容三、四千人的帐幕'), (1639, 1640, '帐幕')]"
144,"[(354, 354, '你'), (431, 434, '我的仆人'), (444, 444, '你'), (503, 504, '仆人'), (693, 694, '妇人'), (698, 698, '你'), (710, 710, '你')]","[(1280, 1281, '兴化'), (1743, 1744, '兴化'), (1754, 1755, '全城'), (1755, 1755, '城'), (1787, 1790, '自己本地'), (1812, 1813, '兴化'), (1825, 1826, '兴化'), (1895, 1896, '兴化')]"
145,"[(354, 354, '你'), (431, 434, '我的仆人'), (444, 444, '你'), (503, 504, '仆人'), (693, 694, '妇人'), (698, 698, '你'), (710, 710, '你')]","[(1774, 1776, '来会者'), (1787, 1788, '自己')]"
146,"[(354, 354, '你'), (431, 434, '我的仆人'), (444, 444, '你'), (503, 504, '仆人'), (693, 694, '妇人'), (698, 698, '你'), (710, 710, '你')]","[(1812, 1820, '兴化万明治西女教士'), (1844, 1844, '她'), (1872, 1876, '女儿万明治'), (1887, 1887, '你')]"
147,"[(354, 354, '你'), (431, 434, '我的仆人'), (444, 444, '你'), (503, 504, '仆人'), (693, 694, '妇人'), (698, 698, '你'), (710, 710, '你')]","[(1844, 1848, '她母亲撒拉'), (1869, 1870, '撒拉'), (1884, 1884, '我'), (1900, 1900, '我'), (1949, 1949, '我'), (1982, 1983, '撒拉')]"
148,"[(354, 354, '你'), (431, 434, '我的仆人'), (444, 444, '你'), (503, 504, '仆人'), (693, 694, '妇人'), (698, 698, '你'), (710, 710, '你')]","[(1869, 1878, '撒拉给女儿万明治的信'), (1938, 1939, '此信')]"
149,"[(354, 354, '你'), (431, 434, '我的仆人'), (444, 444, '你'), (503, 504, '仆人'), (693, 694, '妇人'), (698, 698, '你'), (710, 710, '你')]","[(1996, 2000, '蒲鲁士教士'), (2020, 2024, '蒲鲁士夫妇')]"
150,"[(354, 354, '你'), (431, 434, '我的仆人'), (444, 444, '你'), (503, 504, '仆人'), (693, 694, '妇人'), (698, 698, '你'), (710, 710, '你')]","[(2212, 2213, '爸爸'), (2252, 2253, '爸爸'), (2276, 2277, '爸爸'), (2297, 2298, '我爸'), (2297, 2299, '我爸爸'), (2366, 2372, '命在旦夕的爸爸')]"
151,"[(354, 354, '你'), (431, 434, '我的仆人'), (444, 444, '你'), (503, 504, '仆人'), (693, 694, '妇人'), (698, 698, '你'), (710, 710, '你')]","[(2290, 2290, '神'), (2294, 2294, '你'), (2355, 2356, '父神')]"
152,"[(354, 354, '你'), (431, 434, '我的仆人'), (444, 444, '你'), (503, 504, '仆人'), (693, 694, '妇人'), (698, 698, '你'), (710, 710, '你')]","[(2225, 2226, '咽喉'), (2325, 2328, '爸爸咽喉')]"
153,"[(612, 613, '爸爸'), (725, 726, '爸爸'), (899, 900, '丈夫')]","[(34, 34, '我'), (786, 786, '我'), (923, 923, '我')]"
154,"[(612, 613, '爸爸'), (725, 726, '爸爸'), (899, 900, '丈夫')]","[(798, 799, '女儿'), (809, 810, '女儿'), (818, 819, '女儿'), (827, 828, '女儿'), (843, 846, '他的女儿')]"
155,"[(612, 613, '爸爸'), (725, 726, '爸爸'), (899, 900, '丈夫')]","[(786, 793, '我的外祖父陈梦二'), (843, 843, '他')]"
156,"[(612, 613, '爸爸'), (725, 726, '爸爸'), (899, 900, '丈夫')]","[(27, 28, '父母'), (923, 928, '我的爸爸妈妈')]"
157,"[(612, 613, '爸爸'), (725, 726, '爸爸'), (899, 900, '丈夫')]","[(1202, 1208, '慈母哭女的哀声'), (1208, 1208, '声')]"
158,"[(612, 613, '爸爸'), (725, 726, '爸爸'), (899, 900, '丈夫')]","[(1171, 1171, '我'), (1213, 1213, '我'), (1219, 1219, '我'), (1229, 1229, '我'), (1243, 1243, '我'), (1272, 1272, '我'), (1296, 1296, '我'), (1325, 1325, '我'), (2058, 2061, '九岁的我'), (2108, 2108, '我'), (2154, 2154, '我'), (2171, 2171, '我'), (2246, 2246, '我'), (2270, 2270, '我'), (2307, 2307, '我'), (2359, 2359, '我'), (2383, 2383, '我'), (2423, 2423, '我')]"
159,"[(612, 613, '爸爸'), (725, 726, '爸爸'), (899, 900, '丈夫')]","[(1205, 1205, '女'), (1232, 1235, '小妹妹僵')]"
160,"[(612, 613, '爸爸'), (725, 726, '爸爸'), (899, 900, '丈夫')]","[(1232, 1240, '小妹妹僵硬冰冷的手'), (1240, 1240, '手')]"
161,"[(612, 613, '爸爸'), (725, 726, '爸爸'), (899, 900, '丈夫')]","[(1296, 1302, '我主日学的老师'), (1301, 1302, '老师')]"
162,"[(612, 613, '爸爸'), (725, 726, '爸爸'), (899, 900, '丈夫')]","[(1292, 1294, '主讲人'), (1304, 1304, '他')]"
163,"[(612, 613, '爸爸'), (725, 726, '爸爸'), (899, 900, '丈夫')]","[(1310, 1321, '橄榄山下客西马尼园的耶稣'), (1320, 1321, '耶稣'), (1369, 1370, '基督')]"
164,"[(612, 613, '爸爸'), (725, 726, '爸爸'), (899, 900, '丈夫')]","[(1376, 1380, '林鸿万牧师'), (1417, 1419, '林牧师')]"
165,"[(612, 613, '爸爸'), (725, 726, '爸爸'), (899, 900, '丈夫')]","[(1629, 1640, '一个可容三、四千人的帐幕'), (1639, 1640, '帐幕')]"
166,"[(612, 613, '爸爸'), (725, 726, '爸爸'), (899, 900, '丈夫')]","[(1280, 1281, '兴化'), (1743, 1744, '兴化'), (1754, 1755, '全城'), (1755, 1755, '城'), (1787, 1790, '自己本地'), (1812, 1813, '兴化'), (1825, 1826, '兴化'), (1895, 1896, '兴化')]"
167,"[(612, 613, '爸爸'), (725, 726, '爸爸'), (899, 900, '丈夫')]","[(1774, 1776, '来会者'), (1787, 1788, '自己')]"
168,"[(612, 613, '爸爸'), (725, 726, '爸爸'), (899, 900, '丈夫')]","[(1812, 1820, '兴化万明治西女教士'), (1844, 1844, '她'), (1872, 1876, '女儿万明治'), (1887, 1887, '你')]"
169,"[(612, 613, '爸爸'), (725, 726, '爸爸'), (899, 900, '丈夫')]","[(1844, 1848, '她母亲撒拉'), (1869, 1870, '撒拉'), (1884, 1884, '我'), (1900, 1900, '我'), (1949, 1949, '我'), (1982, 1983, '撒拉')]"
170,"[(612, 613, '爸爸'), (725, 726, '爸爸'), (899, 900, '丈夫')]","[(1869, 1878, '撒拉给女儿万明治的信'), (1938, 1939, '此信')]"
171,"[(612, 613, '爸爸'), (725, 726, '爸爸'), (899, 900, '丈夫')]","[(1996, 2000, '蒲鲁士教士'), (2020, 2024, '蒲鲁士夫妇')]"
172,"[(612, 613, '爸爸'), (725, 726, '爸爸'), (899, 900, '丈夫')]","[(2212, 2213, '爸爸'), (2252, 2253, '爸爸'), (2276, 2277, '爸爸'), (2297, 2298, '我爸'), (2297, 2299, '我爸爸'), (2366, 2372, '命在旦夕的爸爸')]"
173,"[(612, 613, '爸爸'), (725, 726, '爸爸'), (899, 900, '丈夫')]","[(2290, 2290, '神'), (2294, 2294, '你'), (2355, 2356, '父神')]"
174,"[(612, 613, '爸爸'), (725, 726, '爸爸'), (899, 900, '丈夫')]","[(2225, 2226, '咽喉'), (2325, 2328, '爸爸咽喉')]"
175,"[(34, 34, '我'), (786, 786, '我'), (923, 923, '我')]","[(798, 799, '女儿'), (809, 810, '女儿'), (818, 819, '女儿'), (827, 828, '女儿'), (843, 846, '他的女儿')]"
176,"[(34, 34, '我'), (786, 786, '我'), (923, 923, '我')]","[(786, 793, '我的外祖父陈梦二'), (843, 843, '他')]"
177,"[(34, 34, '我'), (786, 786, '我'), (923, 923, '我')]","[(27, 28, '父母'), (923, 928, '我的爸爸妈妈')]"
178,"[(34, 34, '我'), (786, 786, '我'), (923, 923, '我')]","[(1202, 1208, '慈母哭女的哀声'), (1208, 1208, '声')]"
179,"[(34, 34, '我'), (786, 786, '我'), (923, 923, '我')]","[(1171, 1171, '我'), (1213, 1213, '我'), (1219, 1219, '我'), (1229, 1229, '我'), (1243, 1243, '我'), (1272, 1272, '我'), (1296, 1296, '我'), (1325, 1325, '我'), (2058, 2061, '九岁的我'), (2108, 2108, '我'), (2154, 2154, '我'), (2171, 2171, '我'), (2246, 2246, '我'), (2270, 2270, '我'), (2307, 2307, '我'), (2359, 2359, '我'), (2383, 2383, '我'), (2423, 2423, '我')]"
180,"[(34, 34, '我'), (786, 786, '我'), (923, 923, '我')]","[(1205, 1205, '女'), (1232, 1235, '小妹妹僵')]"
181,"[(34, 34, '我'), (786, 786, '我'), (923, 923, '我')]","[(1232, 1240, '小妹妹僵硬冰冷的手'), (1240, 1240, '手')]"
182,"[(34, 34, '我'), (786, 786, '我'), (923, 923, '我')]","[(1296, 1302, '我主日学的老师'), (1301, 1302, '老师')]"
183,"[(34, 34, '我'), (786, 786, '我'), (923, 923, '我')]","[(1292, 1294, '主讲人'), (1304, 1304, '他')]"
184,"[(34, 34, '我'), (786, 786, '我'), (923, 923, '我')]","[(1310, 1321, '橄榄山下客西马尼园的耶稣'), (1320, 1321, '耶稣'), (1369, 1370, '基督')]"
185,"[(34, 34, '我'), (786, 786, '我'), (923, 923, '我')]","[(1376, 1380, '林鸿万牧师'), (1417, 1419, '林牧师')]"
186,"[(34, 34, '我'), (786, 786, '我'), (923, 923, '我')]","[(1629, 1640, '一个可容三、四千人的帐幕'), (1639, 1640, '帐幕')]"
187,"[(34, 34, '我'), (786, 786, '我'), (923, 923, '我')]","[(1280, 1281, '兴化'), (1743, 1744, '兴化'), (1754, 1755, '全城'), (1755, 1755, '城'), (1787, 1790, '自己本地'), (1812, 1813, '兴化'), (1825, 1826, '兴化'), (1895, 1896, '兴化')]"
188,"[(34, 34, '我'), (786, 786, '我'), (923, 923, '我')]","[(1774, 1776, '来会者'), (1787, 1788, '自己')]"
189,"[(34, 34, '我'), (786, 786, '我'), (923, 923, '我')]","[(1812, 1820, '兴化万明治西女教士'), (1844, 1844, '她'), (1872, 1876, '女儿万明治'), (1887, 1887, '你')]"
190,"[(34, 34, '我'), (786, 786, '我'), (923, 923, '我')]","[(1844, 1848, '她母亲撒拉'), (1869, 1870, '撒拉'), (1884, 1884, '我'), (1900, 1900, '我'), (1949, 1949, '我'), (1982, 1983, '撒拉')]"
191,"[(34, 34, '我'), (786, 786, '我'), (923, 923, '我')]","[(1869, 1878, '撒拉给女儿万明治的信'), (1938, 1939, '此信')]"
192,"[(34, 34, '我'), (786, 786, '我'), (923, 923, '我')]","[(1996, 2000, '蒲鲁士教士'), (2020, 2024, '蒲鲁士夫妇')]"
193,"[(34, 34, '我'), (786, 786, '我'), (923, 923, '我')]","[(2212, 2213, '爸爸'), (2252, 2253, '爸爸'), (2276, 2277, '爸爸'), (2297, 2298, '我爸'), (2297, 2299, '我爸爸'), (2366, 2372, '命在旦夕的爸爸')]"
194,"[(34, 34, '我'), (786, 786, '我'), (923, 923, '我')]","[(2290, 2290, '神'), (2294, 2294, '你'), (2355, 2356, '父神')]"
195,"[(34, 34, '我'), (786, 786, '我'), (923, 923, '我')]","[(2225, 2226, '咽喉'), (2325, 2328, '爸爸咽喉')]"
196,"[(798, 799, '女儿'), (809, 810, '女儿'), (818, 819, '女儿'), (827, 828, '女儿'), (843, 846, '他的女儿')]","[(786, 793, '我的外祖父陈梦二'), (843, 843, '他')]"
197,"[(798, 799, '女儿'), (809, 810, '女儿'), (818, 819, '女儿'), (827, 828, '女儿'), (843, 846, '他的女儿')]","[(27, 28, '父母'), (923, 928, '我的爸爸妈妈')]"
198,"[(798, 799, '女儿'), (809, 810, '女儿'), (818, 819, '女儿'), (827, 828, '女儿'), (843, 846, '他的女儿')]","[(1202, 1208, '慈母哭女的哀声'), (1208, 1208, '声')]"
199,"[(798, 799, '女儿'), (809, 810, '女儿'), (818, 819, '女儿'), (827, 828, '女儿'), (843, 846, '他的女儿')]","[(1171, 1171, '我'), (1213, 1213, '我'), (1219, 1219, '我'), (1229, 1229, '我'), (1243, 1243, '我'), (1272, 1272, '我'), (1296, 1296, '我'), (1325, 1325, '我'), (2058, 2061, '九岁的我'), (2108, 2108, '我'), (2154, 2154, '我'), (2171, 2171, '我'), (2246, 2246, '我'), (2270, 2270, '我'), (2307, 2307, '我'), (2359, 2359, '我'), (2383, 2383, '我'), (2423, 2423, '我')]"
200,"[(798, 799, '女儿'), (809, 810, '女儿'), (818, 819, '女儿'), (827, 828, '女儿'), (843, 846, '他的女儿')]","[(1205, 1205, '女'), (1232, 1235, '小妹妹僵')]"
201,"[(798, 799, '女儿'), (809, 810, '女儿'), (818, 819, '女儿'), (827, 828, '女儿'), (843, 846, '他的女儿')]","[(1232, 1240, '小妹妹僵硬冰冷的手'), (1240, 1240, '手')]"
202,"[(798, 799, '女儿'), (809, 810, '女儿'), (818, 819, '女儿'), (827, 828, '女儿'), (843, 846, '他的女儿')]","[(1296, 1302, '我主日学的老师'), (1301, 1302, '老师')]"
203,"[(798, 799, '女儿'), (809, 810, '女儿'), (818, 819, '女儿'), (827, 828, '女儿'), (843, 846, '他的女儿')]","[(1292, 1294, '主讲人'), (1304, 1304, '他')]"
204,"[(798, 799, '女儿'), (809, 810, '女儿'), (818, 819, '女儿'), (827, 828, '女儿'), (843, 846, '他的女儿')]","[(1310, 1321, '橄榄山下客西马尼园的耶稣'), (1320, 1321, '耶稣'), (1369, 1370, '基督')]"
205,"[(798, 799, '女儿'), (809, 810, '女儿'), (818, 819, '女儿'), (827, 828, '女儿'), (843, 846, '他的女儿')]","[(1376, 1380, '林鸿万牧师'), (1417, 1419, '林牧师')]"
206,"[(798, 799, '女儿'), (809, 810, '女儿'), (818, 819, '女儿'), (827, 828, '女儿'), (843, 846, '他的女儿')]","[(1629, 1640, '一个可容三、四千人的帐幕'), (1639, 1640, '帐幕')]"
207,"[(798, 799, '女儿'), (809, 810, '女儿'), (818, 819, '女儿'), (827, 828, '女儿'), (843, 846, '他的女儿')]","[(1280, 1281, '兴化'), (1743, 1744, '兴化'), (1754, 1755, '全城'), (1755, 1755, '城'), (1787, 1790, '自己本地'), (1812, 1813, '兴化'), (1825, 1826, '兴化'), (1895, 1896, '兴化')]"
208,"[(798, 799, '女儿'), (809, 810, '女儿'), (818, 819, '女儿'), (827, 828, '女儿'), (843, 846, '他的女儿')]","[(1774, 1776, '来会者'), (1787, 1788, '自己')]"
209,"[(798, 799, '女儿'), (809, 810, '女儿'), (818, 819, '女儿'), (827, 828, '女儿'), (843, 846, '他的女儿')]","[(1812, 1820, '兴化万明治西女教士'), (1844, 1844, '她'), (1872, 1876, '女儿万明治'), (1887, 1887, '你')]"
210,"[(798, 799, '女儿'), (809, 810, '女儿'), (818, 819, '女儿'), (827, 828, '女儿'), (843, 846, '他的女儿')]","[(1844, 1848, '她母亲撒拉'), (1869, 1870, '撒拉'), (1884, 1884, '我'), (1900, 1900, '我'), (1949, 1949, '我'), (1982, 1983, '撒拉')]"
211,"[(798, 799, '女儿'), (809, 810, '女儿'), (818, 819, '女儿'), (827, 828, '女儿'), (843, 846, '他的女儿')]","[(1869, 1878, '撒拉给女儿万明治的信'), (1938, 1939, '此信')]"
212,"[(798, 799, '女儿'), (809, 810, '女儿'), (818, 819, '女儿'), (827, 828, '女儿'), (843, 846, '他的女儿')]","[(1996, 2000, '蒲鲁士教士'), (2020, 2024, '蒲鲁士夫妇')]"
213,"[(798, 799, '女儿'), (809, 810, '女儿'), (818, 819, '女儿'), (827, 828, '女儿'), (843, 846, '他的女儿')]","[(2212, 2213, '爸爸'), (2252, 2253, '爸爸'), (2276, 2277, '爸爸'), (2297, 2298, '我爸'), (2297, 2299, '我爸爸'), (2366, 2372, '命在旦夕的爸爸')]"
214,"[(798, 799, '女儿'), (809, 810, '女儿'), (818, 819, '女儿'), (827, 828, '女儿'), (843, 846, '他的女儿')]","[(2290, 2290, '神'), (2294, 2294, '你'), (2355, 2356, '父神')]"
215,"[(798, 799, '女儿'), (809, 810, '女儿'), (818, 819, '女儿'), (827, 828, '女儿'), (843, 846, '他的女儿')]","[(2225, 2226, '咽喉'), (2325, 2328, '爸爸咽喉')]"
216,"[(786, 793, '我的外祖父陈梦二'), (843, 843, '他')]","[(27, 28, '父母'), (923, 928, '我的爸爸妈妈')]"
217,"[(786, 793, '我的外祖父陈梦二'), (843, 843, '他')]","[(1202, 1208, '慈母哭女的哀声'), (1208, 1208, '声')]"
218,"[(786, 793, '我的外祖父陈梦二'), (843, 843, '他')]","[(1171, 1171, '我'), (1213, 1213, '我'), (1219, 1219, '我'), (1229, 1229, '我'), (1243, 1243, '我'), (1272, 1272, '我'), (1296, 1296, '我'), (1325, 1325, '我'), (2058, 2061, '九岁的我'), (2108, 2108, '我'), (2154, 2154, '我'), (2171, 2171, '我'), (2246, 2246, '我'), (2270, 2270, '我'), (2307, 2307, '我'), (2359, 2359, '我'), (2383, 2383, '我'), (2423, 2423, '我')]"
219,"[(786, 793, '我的外祖父陈梦二'), (843, 843, '他')]","[(1205, 1205, '女'), (1232, 1235, '小妹妹僵')]"
220,"[(786, 793, '我的外祖父陈梦二'), (843, 843, '他')]","[(1232, 1240, '小妹妹僵硬冰冷的手'), (1240, 1240, '手')]"
221,"[(786, 793, '我的外祖父陈梦二'), (843, 843, '他')]","[(1296, 1302, '我主日学的老师'), (1301, 1302, '老师')]"
222,"[(786, 793, '我的外祖父陈梦二'), (843, 843, '他')]","[(1292, 1294, '主讲人'), (1304, 1304, '他')]"
223,"[(786, 793, '我的外祖父陈梦二'), (843, 843, '他')]","[(1310, 1321, '橄榄山下客西马尼园的耶稣'), (1320, 1321, '耶稣'), (1369, 1370, '基督')]"
224,"[(786, 793, '我的外祖父陈梦二'), (843, 843, '他')]","[(1376, 1380, '林鸿万牧师'), (1417, 1419, '林牧师')]"
225,"[(786, 793, '我的外祖父陈梦二'), (843, 843, '他')]","[(1629, 1640, '一个可容三、四千人的帐幕'), (1639, 1640, '帐幕')]"
226,"[(786, 793, '我的外祖父陈梦二'), (843, 843, '他')]","[(1280, 1281, '兴化'), (1743, 1744, '兴化'), (1754, 1755, '全城'), (1755, 1755, '城'), (1787, 1790, '自己本地'), (1812, 1813, '兴化'), (1825, 1826, '兴化'), (1895, 1896, '兴化')]"
227,"[(786, 793, '我的外祖父陈梦二'), (843, 843, '他')]","[(1774, 1776, '来会者'), (1787, 1788, '自己')]"
228,"[(786, 793, '我的外祖父陈梦二'), (843, 843, '他')]","[(1812, 1820, '兴化万明治西女教士'), (1844, 1844, '她'), (1872, 1876, '女儿万明治'), (1887, 1887, '你')]"
229,"[(786, 793, '我的外祖父陈梦二'), (843, 843, '他')]","[(1844, 1848, '她母亲撒拉'), (1869, 1870, '撒拉'), (1884, 1884, '我'), (1900, 1900, '我'), (1949, 1949, '我'), (1982, 1983, '撒拉')]"
230,"[(786, 793, '我的外祖父陈梦二'), (843, 843, '他')]","[(1869, 1878, '撒拉给女儿万明治的信'), (1938, 1939, '此信')]"
231,"[(786, 793, '我的外祖父陈梦二'), (843, 843, '他')]","[(1996, 2000, '蒲鲁士教士'), (2020, 2024, '蒲鲁士夫妇')]"
232,"[(786, 793, '我的外祖父陈梦二'), (843, 843, '他')]","[(2212, 2213, '爸爸'), (2252, 2253, '爸爸'), (2276, 2277, '爸爸'), (2297, 2298, '我爸'), (2297, 2299, '我爸爸'), (2366, 2372, '命在旦夕的爸爸')]"
233,"[(786, 793, '我的外祖父陈梦二'), (843, 843, '他')]","[(2290, 2290, '神'), (2294, 2294, '你'), (2355, 2356, '父神')]"
234,"[(786, 793, '我的外祖父陈梦二'), (843, 843, '他')]","[(2225, 2226, '咽喉'), (2325, 2328, '爸爸咽喉')]"
235,"[(27, 28, '父母'), (923, 928, '我的爸爸妈妈')]","[(1202, 1208, '慈母哭女的哀声'), (1208, 1208, '声')]"
236,"[(27, 28, '父母'), (923, 928, '我的爸爸妈妈')]","[(1171, 1171, '我'), (1213, 1213, '我'), (1219, 1219, '我'), (1229, 1229, '我'), (1243, 1243, '我'), (1272, 1272, '我'), (1296, 1296, '我'), (1325, 1325, '我'), (2058, 2061, '九岁的我'), (2108, 2108, '我'), (2154, 2154, '我'), (2171, 2171, '我'), (2246, 2246, '我'), (2270, 2270, '我'), (2307, 2307, '我'), (2359, 2359, '我'), (2383, 2383, '我'), (2423, 2423, '我')]"
237,"[(27, 28, '父母'), (923, 928, '我的爸爸妈妈')]","[(1205, 1205, '女'), (1232, 1235, '小妹妹僵')]"
238,"[(27, 28, '父母'), (923, 928, '我的爸爸妈妈')]","[(1232, 1240, '小妹妹僵硬冰冷的手'), (1240, 1240, '手')]"
239,"[(27, 28, '父母'), (923, 928, '我的爸爸妈妈')]","[(1296, 1302, '我主日学的老师'), (1301, 1302, '老师')]"
240,"[(27, 28, '父母'), (923, 928, '我的爸爸妈妈')]","[(1292, 1294, '主讲人'), (1304, 1304, '他')]"
241,"[(27, 28, '父母'), (923, 928, '我的爸爸妈妈')]","[(1310, 1321, '橄榄山下客西马尼园的耶稣'), (1320, 1321, '耶稣'), (1369, 1370, '基督')]"
242,"[(27, 28, '父母'), (923, 928, '我的爸爸妈妈')]","[(1376, 1380, '林鸿万牧师'), (1417, 1419, '林牧师')]"
243,"[(27, 28, '父母'), (923, 928, '我的爸爸妈妈')]","[(1629, 1640, '一个可容三、四千人的帐幕'), (1639, 1640, '帐幕')]"
244,"[(27, 28, '父母'), (923, 928, '我的爸爸妈妈')]","[(1280, 1281, '兴化'), (1743, 1744, '兴化'), (1754, 1755, '全城'), (1755, 1755, '城'), (1787, 1790, '自己本地'), (1812, 1813, '兴化'), (1825, 1826, '兴化'), (1895, 1896, '兴化')]"
245,"[(27, 28, '父母'), (923, 928, '我的爸爸妈妈')]","[(1774, 1776, '来会者'), (1787, 1788, '自己')]"
246,"[(27, 28, '父母'), (923, 928, '我的爸爸妈妈')]","[(1812, 1820, '兴化万明治西女教士'), (1844, 1844, '她'), (1872, 1876, '女儿万明治'), (1887, 1887, '你')]"
247,"[(27, 28, '父母'), (923, 928, '我的爸爸妈妈')]","[(1844, 1848, '她母亲撒拉'), (1869, 1870, '撒拉'), (1884, 1884, '我'), (1900, 1900, '我'), (1949, 1949, '我'), (1982, 1983, '撒拉')]"
248,"[(27, 28, '父母'), (923, 928, '我的爸爸妈妈')]","[(1869, 1878, '撒拉给女儿万明治的信'), (1938, 1939, '此信')]"
249,"[(27, 28, '父母'), (923, 928, '我的爸爸妈妈')]","[(1996, 2000, '蒲鲁士教士'), (2020, 2024, '蒲鲁士夫妇')]"
250,"[(27, 28, '父母'), (923, 928, '我的爸爸妈妈')]","[(2212, 2213, '爸爸'), (2252, 2253, '爸爸'), (2276, 2277, '爸爸'), (2297, 2298, '我爸'), (2297, 2299, '我爸爸'), (2366, 2372, '命在旦夕的爸爸')]"
251,"[(27, 28, '父母'), (923, 928, '我的爸爸妈妈')]","[(2290, 2290, '神'), (2294, 2294, '你'), (2355, 2356, '父神')]"
252,"[(27, 28, '父母'), (923, 928, '我的爸爸妈妈')]","[(2225, 2226, '咽喉'), (2325, 2328, '爸爸咽喉')]"
253,"[(1202, 1208, '慈母哭女的哀声'), (1208, 1208, '声')]","[(1171, 1171, '我'), (1213, 1213, '我'), (1219, 1219, '我'), (1229, 1229, '我'), (1243, 1243, '我'), (1272, 1272, '我'), (1296, 1296, '我'), (1325, 1325, '我'), (2058, 2061, '九岁的我'), (2108, 2108, '我'), (2154, 2154, '我'), (2171, 2171, '我'), (2246, 2246, '我'), (2270, 2270, '我'), (2307, 2307, '我'), (2359, 2359, '我'), (2383, 2383, '我'), (2423, 2423, '我')]"
254,"[(1202, 1208, '慈母哭女的哀声'), (1208, 1208, '声')]","[(1205, 1205, '女'), (1232, 1235, '小妹妹僵')]"
255,"[(1202, 1208, '慈母哭女的哀声'), (1208, 1208, '声')]","[(1232, 1240, '小妹妹僵硬冰冷的手'), (1240, 1240, '手')]"
256,"[(1202, 1208, '慈母哭女的哀声'), (1208, 1208, '声')]","[(1296, 1302, '我主日学的老师'), (1301, 1302, '老师')]"
257,"[(1202, 1208, '慈母哭女的哀声'), (1208, 1208, '声')]","[(1292, 1294, '主讲人'), (1304, 1304, '他')]"
258,"[(1202, 1208, '慈母哭女的哀声'), (1208, 1208, '声')]","[(1310, 1321, '橄榄山下客西马尼园的耶稣'), (1320, 1321, '耶稣'), (1369, 1370, '基督')]"
259,"[(1202, 1208, '慈母哭女的哀声'), (1208, 1208, '声')]","[(1376, 1380, '林鸿万牧师'), (1417, 1419, '林牧师')]"
260,"[(1202, 1208, '慈母哭女的哀声'), (1208, 1208, '声')]","[(1629, 1640, '一个可容三、四千人的帐幕'), (1639, 1640, '帐幕')]"
261,"[(1202, 1208, '慈母哭女的哀声'), (1208, 1208, '声')]","[(1280, 1281, '兴化'), (1743, 1744, '兴化'), (1754, 1755, '全城'), (1755, 1755, '城'), (1787, 1790, '自己本地'), (1812, 1813, '兴化'), (1825, 1826, '兴化'), (1895, 1896, '兴化')]"
262,"[(1202, 1208, '慈母哭女的哀声'), (1208, 1208, '声')]","[(1774, 1776, '来会者'), (1787, 1788, '自己')]"
263,"[(1202, 1208, '慈母哭女的哀声'), (1208, 1208, '声')]","[(1812, 1820, '兴化万明治西女教士'), (1844, 1844, '她'), (1872, 1876, '女儿万明治'), (1887, 1887, '你')]"
264,"[(1202, 1208, '慈母哭女的哀声'), (1208, 1208, '声')]","[(1844, 1848, '她母亲撒拉'), (1869, 1870, '撒拉'), (1884, 1884, '我'), (1900, 1900, '我'), (1949, 1949, '我'), (1982, 1983, '撒拉')]"
265,"[(1202, 1208, '慈母哭女的哀声'), (1208, 1208, '声')]","[(1869, 1878, '撒拉给女儿万明治的信'), (1938, 1939, '此信')]"
266,"[(1202, 1208, '慈母哭女的哀声'), (1208, 1208, '声')]","[(1996, 2000, '蒲鲁士教士'), (2020, 2024, '蒲鲁士夫妇')]"
267,"[(1202, 1208, '慈母哭女的哀声'), (1208, 1208, '声')]","[(2212, 2213, '爸爸'), (2252, 2253, '爸爸'), (2276, 2277, '爸爸'), (2297, 2298, '我爸'), (2297, 2299, '我爸爸'), (2366, 2372, '命在旦夕的爸爸')]"
268,"[(1202, 1208, '慈母哭女的哀声'), (1208, 1208, '声')]","[(2290, 2290, '神'), (2294, 2294, '你'), (2355, 2356, '父神')]"
269,"[(1202, 1208, '慈母哭女的哀声'), (1208, 1208, '声')]","[(2225, 2226, '咽喉'), (2325, 2328, '爸爸咽喉')]"
270,"[(1171, 1171, '我'), (1213, 1213, '我'), (1219, 1219, '我'), (1229, 1229, '我'), (1243, 1243, '我'), (1272, 1272, '我'), (1296, 1296, '我'), (1325, 1325, '我'), (2058, 2061, '九岁的我'), (2108, 2108, '我'), (2154, 2154, '我'), (2171, 2171, '我'), (2246, 2246, '我'), (2270, 2270, '我'), (2307, 2307, '我'), (2359, 2359, '我'), (2383, 2383, '我'), (2423, 2423, '我')]","[(1205, 1205, '女'), (1232, 1235, '小妹妹僵')]"
271,"[(1171, 1171, '我'), (1213, 1213, '我'), (1219, 1219, '我'), (1229, 1229, '我'), (1243, 1243, '我'), (1272, 1272, '我'), (1296, 1296, '我'), (1325, 1325, '我'), (2058, 2061, '九岁的我'), (2108, 2108, '我'), (2154, 2154, '我'), (2171, 2171, '我'), (2246, 2246, '我'), (2270, 2270, '我'), (2307, 2307, '我'), (2359, 2359, '我'), (2383, 2383, '我'), (2423, 2423, '我')]","[(1232, 1240, '小妹妹僵硬冰冷的手'), (1240, 1240, '手')]"
272,"[(1171, 1171, '我'), (1213, 1213, '我'), (1219, 1219, '我'), (1229, 1229, '我'), (1243, 1243, '我'), (1272, 1272, '我'), (1296, 1296, '我'), (1325, 1325, '我'), (2058, 2061, '九岁的我'), (2108, 2108, '我'), (2154, 2154, '我'), (2171, 2171, '我'), (2246, 2246, '我'), (2270, 2270, '我'), (2307, 2307, '我'), (2359, 2359, '我'), (2383, 2383, '我'), (2423, 2423, '我')]","[(1296, 1302, '我主日学的老师'), (1301, 1302, '老师')]"
273,"[(1171, 1171, '我'), (1213, 1213, '我'), (1219, 1219, '我'), (1229, 1229, '我'), (1243, 1243, '我'), (1272, 1272, '我'), (1296, 1296, '我'), (1325, 1325, '我'), (2058, 2061, '九岁的我'), (2108, 2108, '我'), (2154, 2154, '我'), (2171, 2171, '我'), (2246, 2246, '我'), (2270, 2270, '我'), (2307, 2307, '我'), (2359, 2359, '我'), (2383, 2383, '我'), (2423, 2423, '我')]","[(1292, 1294, '主讲人'), (1304, 1304, '他')]"
274,"[(1171, 1171, '我'), (1213, 1213, '我'), (1219, 1219, '我'), (1229, 1229, '我'), (1243, 1243, '我'), (1272, 1272, '我'), (1296, 1296, '我'), (1325, 1325, '我'), (2058, 2061, '九岁的我'), (2108, 2108, '我'), (2154, 2154, '我'), (2171, 2171, '我'), (2246, 2246, '我'), (2270, 2270, '我'), (2307, 2307, '我'), (2359, 2359, '我'), (2383, 2383, '我'), (2423, 2423, '我')]","[(1310, 1321, '橄榄山下客西马尼园的耶稣'), (1320, 1321, '耶稣'), (1369, 1370, '基督')]"
275,"[(1171, 1171, '我'), (1213, 1213, '我'), (1219, 1219, '我'), (1229, 1229, '我'), (1243, 1243, '我'), (1272, 1272, '我'), (1296, 1296, '我'), (1325, 1325, '我'), (2058, 2061, '九岁的我'), (2108, 2108, '我'), (2154, 2154, '我'), (2171, 2171, '我'), (2246, 2246, '我'), (2270, 2270, '我'), (2307, 2307, '我'), (2359, 2359, '我'), (2383, 2383, '我'), (2423, 2423, '我')]","[(1376, 1380, '林鸿万牧师'), (1417, 1419, '林牧师')]"
276,"[(1171, 1171, '我'), (1213, 1213, '我'), (1219, 1219, '我'), (1229, 1229, '我'), (1243, 1243, '我'), (1272, 1272, '我'), (1296, 1296, '我'), (1325, 1325, '我'), (2058, 2061, '九岁的我'), (2108, 2108, '我'), (2154, 2154, '我'), (2171, 2171, '我'), (2246, 2246, '我'), (2270, 2270, '我'), (2307, 2307, '我'), (2359, 2359, '我'), (2383, 2383, '我'), (2423, 2423, '我')]","[(1629, 1640, '一个可容三、四千人的帐幕'), (1639, 1640, '帐幕')]"
277,"[(1171, 1171, '我'), (1213, 1213, '我'), (1219, 1219, '我'), (1229, 1229, '我'), (1243, 1243, '我'), (1272, 1272, '我'), (1296, 1296, '我'), (1325, 1325, '我'), (2058, 2061, '九岁的我'), (2108, 2108, '我'), (2154, 2154, '我'), (2171, 2171, '我'), (2246, 2246, '我'), (2270, 2270, '我'), (2307, 2307, '我'), (2359, 2359, '我'), (2383, 2383, '我'), (2423, 2423, '我')]","[(1280, 1281, '兴化'), (1743, 1744, '兴化'), (1754, 1755, '全城'), (1755, 1755, '城'), (1787, 1790, '自己本地'), (1812, 1813, '兴化'), (1825, 1826, '兴化'), (1895, 1896, '兴化')]"
278,"[(1171, 1171, '我'), (1213, 1213, '我'), (1219, 1219, '我'), (1229, 1229, '我'), (1243, 1243, '我'), (1272, 1272, '我'), (1296, 1296, '我'), (1325, 1325, '我'), (2058, 2061, '九岁的我'), (2108, 2108, '我'), (2154, 2154, '我'), (2171, 2171, '我'), (2246, 2246, '我'), (2270, 2270, '我'), (2307, 2307, '我'), (2359, 2359, '我'), (2383, 2383, '我'), (2423, 2423, '我')]","[(1774, 1776, '来会者'), (1787, 1788, '自己')]"
279,"[(1171, 1171, '我'), (1213, 1213, '我'), (1219, 1219, '我'), (1229, 1229, '我'), (1243, 1243, '我'), (1272, 1272, '我'), (1296, 1296, '我'), (1325, 1325, '我'), (2058, 2061, '九岁的我'), (2108, 2108, '我'), (2154, 2154, '我'), (2171, 2171, '我'), (2246, 2246, '我'), (2270, 2270, '我'), (2307, 2307, '我'), (2359, 2359, '我'), (2383, 2383, '我'), (2423, 2423, '我')]","[(1812, 1820, '兴化万明治西女教士'), (1844, 1844, '她'), (1872, 1876, '女儿万明治'), (1887, 1887, '你')]"
280,"[(1171, 1171, '我'), (1213, 1213, '我'), (1219, 1219, '我'), (1229, 1229, '我'), (1243, 1243, '我'), (1272, 1272, '我'), (1296, 1296, '我'), (1325, 1325, '我'), (2058, 2061, '九岁的我'), (2108, 2108, '我'), (2154, 2154, '我'), (2171, 2171, '我'), (2246, 2246, '我'), (2270, 2270, '我'), (2307, 2307, '我'), (2359, 2359, '我'), (2383, 2383, '我'), (2423, 2423, '我')]","[(1844, 1848, '她母亲撒拉'), (1869, 1870, '撒拉'), (1884, 1884, '我'), (1900, 1900, '我'), (1949, 1949, '我'), (1982, 1983, '撒拉')]"
281,"[(1171, 1171, '我'), (1213, 1213, '我'), (1219, 1219, '我'), (1229, 1229, '我'), (1243, 1243, '我'), (1272, 1272, '我'), (1296, 1296, '我'), (1325, 1325, '我'), (2058, 2061, '九岁的我'), (2108, 2108, '我'), (2154, 2154, '我'), (2171, 2171, '我'), (2246, 2246, '我'), (2270, 2270, '我'), (2307, 2307, '我'), (2359, 2359, '我'), (2383, 2383, '我'), (2423, 2423, '我')]","[(1869, 1878, '撒拉给女儿万明治的信'), (1938, 1939, '此信')]"
282,"[(1171, 1171, '我'), (1213, 1213, '我'), (1219, 1219, '我'), (1229, 1229, '我'), (1243, 1243, '我'), (1272, 1272, '我'), (1296, 1296, '我'), (1325, 1325, '我'), (2058, 2061, '九岁的我'), (2108, 2108, '我'), (2154, 2154, '我'), (2171, 2171, '我'), (2246, 2246, '我'), (2270, 2270, '我'), (2307, 2307, '我'), (2359, 2359, '我'), (2383, 2383, '我'), (2423, 2423, '我')]","[(1996, 2000, '蒲鲁士教士'), (2020, 2024, '蒲鲁士夫妇')]"
283,"[(1171, 1171, '我'), (1213, 1213, '我'), (1219, 1219, '我'), (1229, 1229, '我'), (1243, 1243, '我'), (1272, 1272, '我'), (1296, 1296, '我'), (1325, 1325, '我'), (2058, 2061, '九岁的我'), (2108, 2108, '我'), (2154, 2154, '我'), (2171, 2171, '我'), (2246, 2246, '我'), (2270, 2270, '我'), (2307, 2307, '我'), (2359, 2359, '我'), (2383, 2383, '我'), (2423, 2423, '我')]","[(2212, 2213, '爸爸'), (2252, 2253, '爸爸'), (2276, 2277, '爸爸'), (2297, 2298, '我爸'), (2297, 2299, '我爸爸'), (2366, 2372, '命在旦夕的爸爸')]"
284,"[(1171, 1171, '我'), (1213, 1213, '我'), (1219, 1219, '我'), (1229, 1229, '我'), (1243, 1243, '我'), (1272, 1272, '我'), (1296, 1296, '我'), (1325, 1325, '我'), (2058, 2061, '九岁的我'), (2108, 2108, '我'), (2154, 2154, '我'), (2171, 2171, '我'), (2246, 2246, '我'), (2270, 2270, '我'), (2307, 2307, '我'), (2359, 2359, '我'), (2383, 2383, '我'), (2423, 2423, '我')]","[(2290, 2290, '神'), (2294, 2294, '你'), (2355, 2356, '父神')]"
285,"[(1171, 1171, '我'), (1213, 1213, '我'), (1219, 1219, '我'), (1229, 1229, '我'), (1243, 1243, '我'), (1272, 1272, '我'), (1296, 1296, '我'), (1325, 1325, '我'), (2058, 2061, '九岁的我'), (2108, 2108, '我'), (2154, 2154, '我'), (2171, 2171, '我'), (2246, 2246, '我'), (2270, 2270, '我'), (2307, 2307, '我'), (2359, 2359, '我'), (2383, 2383, '我'), (2423, 2423, '我')]","[(2225, 2226, '咽喉'), (2325, 2328, '爸爸咽喉')]"
286,"[(1205, 1205, '女'), (1232, 1235, '小妹妹僵')]","[(1232, 1240, '小妹妹僵硬冰冷的手'), (1240, 1240, '手')]"
287,"[(1205, 1205, '女'), (1232, 1235, '小妹妹僵')]","[(1296, 1302, '我主日学的老师'), (1301, 1302, '老师')]"
288,"[(1205, 1205, '女'), (1232, 1235, '小妹妹僵')]","[(1292, 1294, '主讲人'), (1304, 1304, '他')]"
289,"[(1205, 1205, '女'), (1232, 1235, '小妹妹僵')]","[(1310, 1321, '橄榄山下客西马尼园的耶稣'), (1320, 1321, '耶稣'), (1369, 1370, '基督')]"
290,"[(1205, 1205, '女'), (1232, 1235, '小妹妹僵')]","[(1376, 1380, '林鸿万牧师'), (1417, 1419, '林牧师')]"
291,"[(1205, 1205, '女'), (1232, 1235, '小妹妹僵')]","[(1629, 1640, '一个可容三、四千人的帐幕'), (1639, 1640, '帐幕')]"
292,"[(1205, 1205, '女'), (1232, 1235, '小妹妹僵')]","[(1280, 1281, '兴化'), (1743, 1744, '兴化'), (1754, 1755, '全城'), (1755, 1755, '城'), (1787, 1790, '自己本地'), (1812, 1813, '兴化'), (1825, 1826, '兴化'), (1895, 1896, '兴化')]"
293,"[(1205, 1205, '女'), (1232, 1235, '小妹妹僵')]","[(1774, 1776, '来会者'), (1787, 1788, '自己')]"
294,"[(1205, 1205, '女'), (1232, 1235, '小妹妹僵')]","[(1812, 1820, '兴化万明治西女教士'), (1844, 1844, '她'), (1872, 1876, '女儿万明治'), (1887, 1887, '你')]"
295,"[(1205, 1205, '女'), (1232, 1235, '小妹妹僵')]","[(1844, 1848, '她母亲撒拉'), (1869, 1870, '撒拉'), (1884, 1884, '我'), (1900, 1900, '我'), (1949, 1949, '我'), (1982, 1983, '撒拉')]"
296,"[(1205, 1205, '女'), (1232, 1235, '小妹妹僵')]","[(1869, 1878, '撒拉给女儿万明治的信'), (1938, 1939, '此信')]"
297,"[(1205, 1205, '女'), (1232, 1235, '小妹妹僵')]","[(1996, 2000, '蒲鲁士教士'), (2020, 2024, '蒲鲁士夫妇')]"
298,"[(1205, 1205, '女'), (1232, 1235, '小妹妹僵')]","[(2212, 2213, '爸爸'), (2252, 2253, '爸爸'), (2276, 2277, '爸爸'), (2297, 2298, '我爸'), (2297, 2299, '我爸爸'), (2366, 2372, '命在旦夕的爸爸')]"
299,"[(1205, 1205, '女'), (1232, 1235, '小妹妹僵')]","[(2290, 2290, '神'), (2294, 2294, '你'), (2355, 2356, '父神')]"
300,"[(1205, 1205, '女'), (1232, 1235, '小妹妹僵')]","[(2225, 2226, '咽喉'), (2325, 2328, '爸爸咽喉')]"
301,"[(1232, 1240, '小妹妹僵硬冰冷的手'), (1240, 1240, '手')]","[(1296, 1302, '我主日学的老师'), (1301, 1302, '老师')]"
302,"[(1232, 1240, '小妹妹僵硬冰冷的手'), (1240, 1240, '手')]","[(1292, 1294, '主讲人'), (1304, 1304, '他')]"
303,"[(1232, 1240, '小妹妹僵硬冰冷的手'), (1240, 1240, '手')]","[(1310, 1321, '橄榄山下客西马尼园的耶稣'), (1320, 1321, '耶稣'), (1369, 1370, '基督')]"
304,"[(1232, 1240, '小妹妹僵硬冰冷的手'), (1240, 1240, '手')]","[(1376, 1380, '林鸿万牧师'), (1417, 1419, '林牧师')]"
305,"[(1232, 1240, '小妹妹僵硬冰冷的手'), (1240, 1240, '手')]","[(1629, 1640, '一个可容三、四千人的帐幕'), (1639, 1640, '帐幕')]"
306,"[(1232, 1240, '小妹妹僵硬冰冷的手'), (1240, 1240, '手')]","[(1280, 1281, '兴化'), (1743, 1744, '兴化'), (1754, 1755, '全城'), (1755, 1755, '城'), (1787, 1790, '自己本地'), (1812, 1813, '兴化'), (1825, 1826, '兴化'), (1895, 1896, '兴化')]"
307,"[(1232, 1240, '小妹妹僵硬冰冷的手'), (1240, 1240, '手')]","[(1774, 1776, '来会者'), (1787, 1788, '自己')]"
308,"[(1232, 1240, '小妹妹僵硬冰冷的手'), (1240, 1240, '手')]","[(1812, 1820, '兴化万明治西女教士'), (1844, 1844, '她'), (1872, 1876, '女儿万明治'), (1887, 1887, '你')]"
309,"[(1232, 1240, '小妹妹僵硬冰冷的手'), (1240, 1240, '手')]","[(1844, 1848, '她母亲撒拉'), (1869, 1870, '撒拉'), (1884, 1884, '我'), (1900, 1900, '我'), (1949, 1949, '我'), (1982, 1983, '撒拉')]"
310,"[(1232, 1240, '小妹妹僵硬冰冷的手'), (1240, 1240, '手')]","[(1869, 1878, '撒拉给女儿万明治的信'), (1938, 1939, '此信')]"
311,"[(1232, 1240, '小妹妹僵硬冰冷的手'), (1240, 1240, '手')]","[(1996, 2000, '蒲鲁士教士'), (2020, 2024, '蒲鲁士夫妇')]"
312,"[(1232, 1240, '小妹妹僵硬冰冷的手'), (1240, 1240, '手')]","[(2212, 2213, '爸爸'), (2252, 2253, '爸爸'), (2276, 2277, '爸爸'), (2297, 2298, '我爸'), (2297, 2299, '我爸爸'), (2366, 2372, '命在旦夕的爸爸')]"
313,"[(1232, 1240, '小妹妹僵硬冰冷的手'), (1240, 1240, '手')]","[(2290, 2290, '神'), (2294, 2294, '你'), (2355, 2356, '父神')]"
314,"[(1232, 1240, '小妹妹僵硬冰冷的手'), (1240, 1240, '手')]","[(2225, 2226, '咽喉'), (2325, 2328, '爸爸咽喉')]"
315,"[(1296, 1302, '我主日学的老师'), (1301, 1302, '老师')]","[(1292, 1294, '主讲人'), (1304, 1304, '他')]"
316,"[(1296, 1302, '我主日学的老师'), (1301, 1302, '老师')]","[(1310, 1321, '橄榄山下客西马尼园的耶稣'), (1320, 1321, '耶稣'), (1369, 1370, '基督')]"
317,"[(1296, 1302, '我主日学的老师'), (1301, 1302, '老师')]","[(1376, 1380, '林鸿万牧师'), (1417, 1419, '林牧师')]"
318,"[(1296, 1302, '我主日学的老师'), (1301, 1302, '老师')]","[(1629, 1640, '一个可容三、四千人的帐幕'), (1639, 1640, '帐幕')]"
319,"[(1296, 1302, '我主日学的老师'), (1301, 1302, '老师')]","[(1280, 1281, '兴化'), (1743, 1744, '兴化'), (1754, 1755, '全城'), (1755, 1755, '城'), (1787, 1790, '自己本地'), (1812, 1813, '兴化'), (1825, 1826, '兴化'), (1895, 1896, '兴化')]"
320,"[(1296, 1302, '我主日学的老师'), (1301, 1302, '老师')]","[(1774, 1776, '来会者'), (1787, 1788, '自己')]"
321,"[(1296, 1302, '我主日学的老师'), (1301, 1302, '老师')]","[(1812, 1820, '兴化万明治西女教士'), (1844, 1844, '她'), (1872, 1876, '女儿万明治'), (1887, 1887, '你')]"
322,"[(1296, 1302, '我主日学的老师'), (1301, 1302, '老师')]","[(1844, 1848, '她母亲撒拉'), (1869, 1870, '撒拉'), (1884, 1884, '我'), (1900, 1900, '我'), (1949, 1949, '我'), (1982, 1983, '撒拉')]"
323,"[(1296, 1302, '我主日学的老师'), (1301, 1302, '老师')]","[(1869, 1878, '撒拉给女儿万明治的信'), (1938, 1939, '此信')]"
324,"[(1296, 1302, '我主日学的老师'), (1301, 1302, '老师')]","[(1996, 2000, '蒲鲁士教士'), (2020, 2024, '蒲鲁士夫妇')]"
325,"[(1296, 1302, '我主日学的老师'), (1301, 1302, '老师')]","[(2212, 2213, '爸爸'), (2252, 2253, '爸爸'), (2276, 2277, '爸爸'), (2297, 2298, '我爸'), (2297, 2299, '我爸爸'), (2366, 2372, '命在旦夕的爸爸')]"
326,"[(1296, 1302, '我主日学的老师'), (1301, 1302, '老师')]","[(2290, 2290, '神'), (2294, 2294, '你'), (2355, 2356, '父神')]"
327,"[(1296, 1302, '我主日学的老师'), (1301, 1302, '老师')]","[(2225, 2226, '咽喉'), (2325, 2328, '爸爸咽喉')]"
328,"[(1292, 1294, '主讲人'), (1304, 1304, '他')]","[(1310, 1321, '橄榄山下客西马尼园的耶稣'), (1320, 1321, '耶稣'), (1369, 1370, '基督')]"
329,"[(1292, 1294, '主讲人'), (1304, 1304, '他')]","[(1376, 1380, '林鸿万牧师'), (1417, 1419, '林牧师')]"
330,"[(1292, 1294, '主讲人'), (1304, 1304, '他')]","[(1629, 1640, '一个可容三、四千人的帐幕'), (1639, 1640, '帐幕')]"
331,"[(1292, 1294, '主讲人'), (1304, 1304, '他')]","[(1280, 1281, '兴化'), (1743, 1744, '兴化'), (1754, 1755, '全城'), (1755, 1755, '城'), (1787, 1790, '自己本地'), (1812, 1813, '兴化'), (1825, 1826, '兴化'), (1895, 1896, '兴化')]"
332,"[(1292, 1294, '主讲人'), (1304, 1304, '他')]","[(1774, 1776, '来会者'), (1787, 1788, '自己')]"
333,"[(1292, 1294, '主讲人'), (1304, 1304, '他')]","[(1812, 1820, '兴化万明治西女教士'), (1844, 1844, '她'), (1872, 1876, '女儿万明治'), (1887, 1887, '你')]"
334,"[(1292, 1294, '主讲人'), (1304, 1304, '他')]","[(1844, 1848, '她母亲撒拉'), (1869, 1870, '撒拉'), (1884, 1884, '我'), (1900, 1900, '我'), (1949, 1949, '我'), (1982, 1983, '撒拉')]"
335,"[(1292, 1294, '主讲人'), (1304, 1304, '他')]","[(1869, 1878, '撒拉给女儿万明治的信'), (1938, 1939, '此信')]"
336,"[(1292, 1294, '主讲人'), (1304, 1304, '他')]","[(1996, 2000, '蒲鲁士教士'), (2020, 2024, '蒲鲁士夫妇')]"
337,"[(1292, 1294, '主讲人'), (1304, 1304, '他')]","[(2212, 2213, '爸爸'), (2252, 2253, '爸爸'), (2276, 2277, '爸爸'), (2297, 2298, '我爸'), (2297, 2299, '我爸爸'), (2366, 2372, '命在旦夕的爸爸')]"
338,"[(1292, 1294, '主讲人'), (1304, 1304, '他')]","[(2290, 2290, '神'), (2294, 2294, '你'), (2355, 2356, '父神')]"
339,"[(1292, 1294, '主讲人'), (1304, 1304, '他')]","[(2225, 2226, '咽喉'), (2325, 2328, '爸爸咽喉')]"
340,"[(1310, 1321, '橄榄山下客西马尼园的耶稣'), (1320, 1321, '耶稣'), (1369, 1370, '基督')]","[(1376, 1380, '林鸿万牧师'), (1417, 1419, '林牧师')]"
341,"[(1310, 1321, '橄榄山下客西马尼园的耶稣'), (1320, 1321, '耶稣'), (1369, 1370, '基督')]","[(1629, 1640, '一个可容三、四千人的帐幕'), (1639, 1640, '帐幕')]"
342,"[(1310, 1321, '橄榄山下客西马尼园的耶稣'), (1320, 1321, '耶稣'), (1369, 1370, '基督')]","[(1280, 1281, '兴化'), (1743, 1744, '兴化'), (1754, 1755, '全城'), (1755, 1755, '城'), (1787, 1790, '自己本地'), (1812, 1813, '兴化'), (1825, 1826, '兴化'), (1895, 1896, '兴化')]"
343,"[(1310, 1321, '橄榄山下客西马尼园的耶稣'), (1320, 1321, '耶稣'), (1369, 1370, '基督')]","[(1774, 1776, '来会者'), (1787, 1788, '自己')]"
344,"[(1310, 1321, '橄榄山下客西马尼园的耶稣'), (1320, 1321, '耶稣'), (1369, 1370, '基督')]","[(1812, 1820, '兴化万明治西女教士'), (1844, 1844, '她'), (1872, 1876, '女儿万明治'), (1887, 1887, '你')]"
345,"[(1310, 1321, '橄榄山下客西马尼园的耶稣'), (1320, 1321, '耶稣'), (1369, 1370, '基督')]","[(1844, 1848, '她母亲撒拉'), (1869, 1870, '撒拉'), (1884, 1884, '我'), (1900, 1900, '我'), (1949, 1949, '我'), (1982, 1983, '撒拉')]"
346,"[(1310, 1321, '橄榄山下客西马尼园的耶稣'), (1320, 1321, '耶稣'), (1369, 1370, '基督')]","[(1869, 1878, '撒拉给女儿万明治的信'), (1938, 1939, '此信')]"
347,"[(1310, 1321, '橄榄山下客西马尼园的耶稣'), (1320, 1321, '耶稣'), (1369, 1370, '基督')]","[(1996, 2000, '蒲鲁士教士'), (2020, 2024, '蒲鲁士夫妇')]"
348,"[(1310, 1321, '橄榄山下客西马尼园的耶稣'), (1320, 1321, '耶稣'), (1369, 1370, '基督')]","[(2212, 2213, '爸爸'), (2252, 2253, '爸爸'), (2276, 2277, '爸爸'), (2297, 2298, '我爸'), (2297, 2299, '我爸爸'), (2366, 2372, '命在旦夕的爸爸')]"
349,"[(1310, 1321, '橄榄山下客西马尼园的耶稣'), (1320, 1321, '耶稣'), (1369, 1370, '基督')]","[(2290, 2290, '神'), (2294, 2294, '你'), (2355, 2356, '父神')]"
350,"[(1310, 1321, '橄榄山下客西马尼园的耶稣'), (1320, 1321, '耶稣'), (1369, 1370, '基督')]","[(2225, 2226, '咽喉'), (2325, 2328, '爸爸咽喉')]"
351,"[(1376, 1380, '林鸿万牧师'), (1417, 1419, '林牧师')]","[(1629, 1640, '一个可容三、四千人的帐幕'), (1639, 1640, '帐幕')]"
352,"[(1376, 1380, '林鸿万牧师'), (1417, 1419, '林牧师')]","[(1280, 1281, '兴化'), (1743, 1744, '兴化'), (1754, 1755, '全城'), (1755, 1755, '城'), (1787, 1790, '自己本地'), (1812, 1813, '兴化'), (1825, 1826, '兴化'), (1895, 1896, '兴化')]"
353,"[(1376, 1380, '林鸿万牧师'), (1417, 1419, '林牧师')]","[(1774, 1776, '来会者'), (1787, 1788, '自己')]"
354,"[(1376, 1380, '林鸿万牧师'), (1417, 1419, '林牧师')]","[(1812, 1820, '兴化万明治西女教士'), (1844, 1844, '她'), (1872, 1876, '女儿万明治'), (1887, 1887, '你')]"
355,"[(1376, 1380, '林鸿万牧师'), (1417, 1419, '林牧师')]","[(1844, 1848, '她母亲撒拉'), (1869, 1870, '撒拉'), (1884, 1884, '我'), (1900, 1900, '我'), (1949, 1949, '我'), (1982, 1983, '撒拉')]"
356,"[(1376, 1380, '林鸿万牧师'), (1417, 1419, '林牧师')]","[(1869, 1878, '撒拉给女儿万明治的信'), (1938, 1939, '此信')]"
357,"[(1376, 1380, '林鸿万牧师'), (1417, 1419, '林牧师')]","[(1996, 2000, '蒲鲁士教士'), (2020, 2024, '蒲鲁士夫妇')]"
358,"[(1376, 1380, '林鸿万牧师'), (1417, 1419, '林牧师')]","[(2212, 2213, '爸爸'), (2252, 2253, '爸爸'), (2276, 2277, '爸爸'), (2297, 2298, '我爸'), (2297, 2299, '我爸爸'), (2366, 2372, '命在旦夕的爸爸')]"
359,"[(1376, 1380, '林鸿万牧师'), (1417, 1419, '林牧师')]","[(2290, 2290, '神'), (2294, 2294, '你'), (2355, 2356, '父神')]"
360,"[(1376, 1380, '林鸿万牧师'), (1417, 1419, '林牧师')]","[(2225, 2226, '咽喉'), (2325, 2328, '爸爸咽喉')]"
361,"[(1629, 1640, '一个可容三、四千人的帐幕'), (1639, 1640, '帐幕')]","[(1280, 1281, '兴化'), (1743, 1744, '兴化'), (1754, 1755, '全城'), (1755, 1755, '城'), (1787, 1790, '自己本地'), (1812, 1813, '兴化'), (1825, 1826, '兴化'), (1895, 1896, '兴化')]"
362,"[(1629, 1640, '一个可容三、四千人的帐幕'), (1639, 1640, '帐幕')]","[(1774, 1776, '来会者'), (1787, 1788, '自己')]"
363,"[(1629, 1640, '一个可容三、四千人的帐幕'), (1639, 1640, '帐幕')]","[(1812, 1820, '兴化万明治西女教士'), (1844, 1844, '她'), (1872, 1876, '女儿万明治'), (1887, 1887, '你')]"
364,"[(1629, 1640, '一个可容三、四千人的帐幕'), (1639, 1640, '帐幕')]","[(1844, 1848, '她母亲撒拉'), (1869, 1870, '撒拉'), (1884, 1884, '我'), (1900, 1900, '我'), (1949, 1949, '我'), (1982, 1983, '撒拉')]"
365,"[(1629, 1640, '一个可容三、四千人的帐幕'), (1639, 1640, '帐幕')]","[(1869, 1878, '撒拉给女儿万明治的信'), (1938, 1939, '此信')]"
366,"[(1629, 1640, '一个可容三、四千人的帐幕'), (1639, 1640, '帐幕')]","[(1996, 2000, '蒲鲁士教士'), (2020, 2024, '蒲鲁士夫妇')]"
367,"[(1629, 1640, '一个可容三、四千人的帐幕'), (1639, 1640, '帐幕')]","[(2212, 2213, '爸爸'), (2252, 2253, '爸爸'), (2276, 2277, '爸爸'), (2297, 2298, '我爸'), (2297, 2299, '我爸爸'), (2366, 2372, '命在旦夕的爸爸')]"
368,"[(1629, 1640, '一个可容三、四千人的帐幕'), (1639, 1640, '帐幕')]","[(2290, 2290, '神'), (2294, 2294, '你'), (2355, 2356, '父神')]"
369,"[(1629, 1640, '一个可容三、四千人的帐幕'), (1639, 1640, '帐幕')]","[(2225, 2226, '咽喉'), (2325, 2328, '爸爸咽喉')]"
370,"[(1280, 1281, '兴化'), (1743, 1744, '兴化'), (1754, 1755, '全城'), (1755, 1755, '城'), (1787, 1790, '自己本地'), (1812, 1813, '兴化'), (1825, 1826, '兴化'), (1895, 1896, '兴化')]","[(1774, 1776, '来会者'), (1787, 1788, '自己')]"
371,"[(1280, 1281, '兴化'), (1743, 1744, '兴化'), (1754, 1755, '全城'), (1755, 1755, '城'), (1787, 1790, '自己本地'), (1812, 1813, '兴化'), (1825, 1826, '兴化'), (1895, 1896, '兴化')]","[(1812, 1820, '兴化万明治西女教士'), (1844, 1844, '她'), (1872, 1876, '女儿万明治'), (1887, 1887, '你')]"
372,"[(1280, 1281, '兴化'), (1743, 1744, '兴化'), (1754, 1755, '全城'), (1755, 1755, '城'), (1787, 1790, '自己本地'), (1812, 1813, '兴化'), (1825, 1826, '兴化'), (1895, 1896, '兴化')]","[(1844, 1848, '她母亲撒拉'), (1869, 1870, '撒拉'), (1884, 1884, '我'), (1900, 1900, '我'), (1949, 1949, '我'), (1982, 1983, '撒拉')]"
373,"[(1280, 1281, '兴化'), (1743, 1744, '兴化'), (1754, 1755, '全城'), (1755, 1755, '城'), (1787, 1790, '自己本地'), (1812, 1813, '兴化'), (1825, 1826, '兴化'), (1895, 1896, '兴化')]","[(1869, 1878, '撒拉给女儿万明治的信'), (1938, 1939, '此信')]"
374,"[(1280, 1281, '兴化'), (1743, 1744, '兴化'), (1754, 1755, '全城'), (1755, 1755, '城'), (1787, 1790, '自己本地'), (1812, 1813, '兴化'), (1825, 1826, '兴化'), (1895, 1896, '兴化')]","[(1996, 2000, '蒲鲁士教士'), (2020, 2024, '蒲鲁士夫妇')]"
375,"[(1280, 1281, '兴化'), (1743, 1744, '兴化'), (1754, 1755, '全城'), (1755, 1755, '城'), (1787, 1790, '自己本地'), (1812, 1813, '兴化'), (1825, 1826, '兴化'), (1895, 1896, '兴化')]","[(2212, 2213, '爸爸'), (2252, 2253, '爸爸'), (2276, 2277, '爸爸'), (2297, 2298, '我爸'), (2297, 2299, '我爸爸'), (2366, 2372, '命在旦夕的爸爸')]"
376,"[(1280, 1281, '兴化'), (1743, 1744, '兴化'), (1754, 1755, '全城'), (1755, 1755, '城'), (1787, 1790, '自己本地'), (1812, 1813, '兴化'), (1825, 1826, '兴化'), (1895, 1896, '兴化')]","[(2290, 2290, '神'), (2294, 2294, '你'), (2355, 2356, '父神')]"
377,"[(1280, 1281, '兴化'), (1743, 1744, '兴化'), (1754, 1755, '全城'), (1755, 1755, '城'), (1787, 1790, '自己本地'), (1812, 1813, '兴化'), (1825, 1826, '兴化'), (1895, 1896, '兴化')]","[(2225, 2226, '咽喉'), (2325, 2328, '爸爸咽喉')]"
378,"[(1774, 1776, '来会者'), (1787, 1788, '自己')]","[(1812, 1820, '兴化万明治西女教士'), (1844, 1844, '她'), (1872, 1876, '女儿万明治'), (1887, 1887, '你')]"
379,"[(1774, 1776, '来会者'), (1787, 1788, '自己')]","[(1844, 1848, '她母亲撒拉'), (1869, 1870, '撒拉'), (1884, 1884, '我'), (1900, 1900, '我'), (1949, 1949, '我'), (1982, 1983, '撒拉')]"
380,"[(1774, 1776, '来会者'), (1787, 1788, '自己')]","[(1869, 1878, '撒拉给女儿万明治的信'), (1938, 1939, '此信')]"
381,"[(1774, 1776, '来会者'), (1787, 1788, '自己')]","[(1996, 2000, '蒲鲁士教士'), (2020, 2024, '蒲鲁士夫妇')]"
382,"[(1774, 1776, '来会者'), (1787, 1788, '自己')]","[(2212, 2213, '爸爸'), (2252, 2253, '爸爸'), (2276, 2277, '爸爸'), (2297, 2298, '我爸'), (2297, 2299, '我爸爸'), (2366, 2372, '命在旦夕的爸爸')]"
383,"[(1774, 1776, '来会者'), (1787, 1788, '自己')]","[(2290, 2290, '神'), (2294, 2294, '你'), (2355, 2356, '父神')]"
384,"[(1774, 1776, '来会者'), (1787, 1788, '自己')]","[(2225, 2226, '咽喉'), (2325, 2328, '爸爸咽喉')]"
385,"[(1812, 1820, '兴化万明治西女教士'), (1844, 1844, '她'), (1872, 1876, '女儿万明治'), (1887, 1887, '你')]","[(1844, 1848, '她母亲撒拉'), (1869, 1870, '撒拉'), (1884, 1884, '我'), (1900, 1900, '我'), (1949, 1949, '我'), (1982, 1983, '撒拉')]"
386,"[(1812, 1820, '兴化万明治西女教士'), (1844, 1844, '她'), (1872, 1876, '女儿万明治'), (1887, 1887, '你')]","[(1869, 1878, '撒拉给女儿万明治的信'), (1938, 1939, '此信')]"
387,"[(1812, 1820, '兴化万明治西女教士'), (1844, 1844, '她'), (1872, 1876, '女儿万明治'), (1887, 1887, '你')]","[(1996, 2000, '蒲鲁士教士'), (2020, 2024, '蒲鲁士夫妇')]"
388,"[(1812, 1820, '兴化万明治西女教士'), (1844, 1844, '她'), (1872, 1876, '女儿万明治'), (1887, 1887, '你')]","[(2212, 2213, '爸爸'), (2252, 2253, '爸爸'), (2276, 2277, '爸爸'), (2297, 2298, '我爸'), (2297, 2299, '我爸爸'), (2366, 2372, '命在旦夕的爸爸')]"
389,"[(1812, 1820, '兴化万明治西女教士'), (1844, 1844, '她'), (1872, 1876, '女儿万明治'), (1887, 1887, '你')]","[(2290, 2290, '神'), (2294, 2294, '你'), (2355, 2356, '父神')]"
390,"[(1812, 1820, '兴化万明治西女教士'), (1844, 1844, '她'), (1872, 1876, '女儿万明治'), (1887, 1887, '你')]","[(2225, 2226, '咽喉'), (2325, 2328, '爸爸咽喉')]"
391,"[(1844, 1848, '她母亲撒拉'), (1869, 1870, '撒拉'), (1884, 1884, '我'), (1900, 1900, '我'), (1949, 1949, '我'), (1982, 1983, '撒拉')]","[(1869, 1878, '撒拉给女儿万明治的信'), (1938, 1939, '此信')]"
392,"[(1844, 1848, '她母亲撒拉'), (1869, 1870, '撒拉'), (1884, 1884, '我'), (1900, 1900, '我'), (1949, 1949, '我'), (1982, 1983, '撒拉')]","[(1996, 2000, '蒲鲁士教士'), (2020, 2024, '蒲鲁士夫妇')]"
393,"[(1844, 1848, '她母亲撒拉'), (1869, 1870, '撒拉'), (1884, 1884, '我'), (1900, 1900, '我'), (1949, 1949, '我'), (1982, 1983, '撒拉')]","[(2212, 2213, '爸爸'), (2252, 2253, '爸爸'), (2276, 2277, '爸爸'), (2297, 2298, '我爸'), (2297, 2299, '我爸爸'), (2366, 2372, '命在旦夕的爸爸')]"
394,"[(1844, 1848, '她母亲撒拉'), (1869, 1870, '撒拉'), (1884, 1884, '我'), (1900, 1900, '我'), (1949, 1949, '我'), (1982, 1983, '撒拉')]","[(2290, 2290, '神'), (2294, 2294, '你'), (2355, 2356, '父神')]"
395,"[(1844, 1848, '她母亲撒拉'), (1869, 1870, '撒拉'), (1884, 1884, '我'), (1900, 1900, '我'), (1949, 1949, '我'), (1982, 1983, '撒拉')]","[(2225, 2226, '咽喉'), (2325, 2328, '爸爸咽喉')]"
396,"[(1869, 1878, '撒拉给女儿万明治的信'), (1938, 1939, '此信')]","[(1996, 2000, '蒲鲁士教士'), (2020, 2024, '蒲鲁士夫妇')]"
397,"[(1869, 1878, '撒拉给女儿万明治的信'), (1938, 1939, '此信')]","[(2212, 2213, '爸爸'), (2252, 2253, '爸爸'), (2276, 2277, '爸爸'), (2297, 2298, '我爸'), (2297, 2299, '我爸爸'), (2366, 2372, '命在旦夕的爸爸')]"
398,"[(1869, 1878, '撒拉给女儿万明治的信'), (1938, 1939, '此信')]","[(2290, 2290, '神'), (2294, 2294, '你'), (2355, 2356, '父神')]"
399,"[(1869, 1878, '撒拉给女儿万明治的信'), (1938, 1939, '此信')]","[(2225, 2226, '咽喉'), (2325, 2328, '爸爸咽喉')]"
400,"[(1996, 2000, '蒲鲁士教士'), (2020, 2024, '蒲鲁士夫妇')]","[(2212, 2213, '爸爸'), (2252, 2253, '爸爸'), (2276, 2277, '爸爸'), (2297, 2298, '我爸'), (2297, 2299, '我爸爸'), (2366, 2372, '命在旦夕的爸爸')]"
401,"[(1996, 2000, '蒲鲁士教士'), (2020, 2024, '蒲鲁士夫妇')]","[(2290, 2290, '神'), (2294, 2294, '你'), (2355, 2356, '父神')]"
402,"[(1996, 2000, '蒲鲁士教士'), (2020, 2024, '蒲鲁士夫妇')]","[(2225, 2226, '咽喉'), (2325, 2328, '爸爸咽喉')]"
403,"[(2212, 2213, '爸爸'), (2252, 2253, '爸爸'), (2276, 2277, '爸爸'), (2297, 2298, '我爸'), (2297, 2299, '我爸爸'), (2366, 2372, '命在旦夕的爸爸')]","[(2290, 2290, '神'), (2294, 2294, '你'), (2355, 2356, '父神')]"
404,"[(2212, 2213, '爸爸'), (2252, 2253, '爸爸'), (2276, 2277, '爸爸'), (2297, 2298, '我爸'), (2297, 2299, '我爸爸'), (2366, 2372, '命在旦夕的爸爸')]","[(2225, 2226, '咽喉'), (2325, 2328, '爸爸咽喉')]"
405,"[(2290, 2290, '神'), (2294, 2294, '你'), (2355, 2356, '父神')]","[(2225, 2226, '咽喉'), (2325, 2328, '爸爸咽喉')]"
