,0,1,2,3,4,5,6,7,8,9,10,11,12,13,14,15,16,17,18,19,20,21,22,23,24,25,26,27,28,29,30,31,32,33,34,35,36,37,38,39,40,41,42,43,44,45,46,47,48,49,50,51,52,53,54,55,56,57,58,59
1,w,f,v,n,w,m,q,w,t,ns,n,nr,w,n,nr,nr,t,t,ns,n,v,v,n,t,v,n,,,,,,,,,,,,,,,,,,,,,,,,,,,,,,,,,,
2,r,v,m,q,n,c,p,n,u,n,v,u,n,v,v,r,u,n,p,v,u,v,r,n,u,n,d,v,v,n,v,n,n,v,n,v,n,,,,,,,,,,,,,,,,,,,,,,,
3,n,v,w,n,w,v,w,n,w,p,ns,n,x,v,v,w,n,w,n,nr,d,v,c,n,,,,,,,,,,,,,,,,,,,,,,,,,,,,,,,,,,,,
4,c,nr,r,d,d,v,n,v,c,n,u,n,n,c,v,n,v,w,r,v,t,v,p,r,v,u,a,x,,,,,,,,,,,,,,,,,,,,,,,,,,,,,,,,
5,d,v,v,n,v,u,n,n,v,n,v,v,v,r,v,d,r,w,nz,w,u,n,c,d,v,u,m,q,v,n,u,a,u,n,d,v,nr,d,a,,,,,,,,,,,,,,,,,,,,,
6,r,d,d,v,v,v,v,u,w,v,w,n,n,w,w,w,v,w,u,n,,,,,,,,,,,,,,,,,,,,,,,,,,,,,,,,,,,,,,,,
7,c,w,w,n,n,w,w,n,d,v,w,r,d,v,v,v,x,w,d,p,v,f,m,q,n,w,w,,,,,,,,,,,,,,,,,,,,,,,,,,,,,,,,,
8,c,w,m,q,v,a,u,n,w,d,d,r,n,v,w,r,d,v,r,v,nr,w,v,v,w,d,v,p,r,v,a,u,w,v,r,d,v,n,n,u,n,,,,,,,,,,,,,,,,,,,
9,v,n,c,v,n,f,w,n,n,d,v,m,q,n,w,v,w,n,n,w,w,p,d,v,v,u,a,f,w,v,r,n,n,w,n,w,v,v,n,w,n,n,w,n,w,w,c,m,q,n,u,v,u,n,c,a,u,nr,d,r
10,c,v,d,v,n,w,v,d,v,n,x,w,p,w,n,w,w,c,d,v,n,u,n,x,,,,,,,,,,,,,,,,,,,,,,,,,,,,,,,,,,,,
11,nr,n,u,t,n,n,w,v,v,r,v,a,n,v,u,n,n,,,,,,,,,,,,,,,,,,,,,,,,,,,,,,,,,,,,,,,,,,,
12,r,c,n,n,n,n,v,n,c,r,d,v,u,n,w,d,v,m,q,w,d,v,w,d,v,w,v,d,d,v,v,v,m,q,,,,,,,,,,,,,,,,,,,,,,,,,,
13,v,u,m,q,v,n,v,u,r,w,d,d,d,v,w,v,p,v,w,v,n,n,,,,,,,,,,,,,,,,,,,,,,,,,,,,,,,,,,,,,,
14,r,v,n,n,w,d,v,v,n,w,d,v,i,w,v,n,v,w,d,v,v,v,w,d,v,v,r,v,v,,,,,,,,,,,,,,,,,,,,,,,,,,,,,,,
15,r,w,d,v,n,n,v,n,u,w,d,v,n,n,u,w,d,v,n,v,u,r,n,u,w,d,v,n,p,n,v,u,w,r,c,v,u,n,w,n,v,t,v,v,w,d,v,v,a,,,,,,,,,,,
16,p,v,ns,m,w,m,q,n,w,v,r,n,p,j,u,n,d,v,m,q,v,v,w,p,a,n,n,w,v,m,n,c,v,a,w,v,w,d,v,v,n,w,p,a,n,f,w,n,n,a,n,,,,,,,,,
17,nr,v,r,w,nr,n,c,n,d,v,n,d,d,v,n,w,v,n,n,,,,,,,,,,,,,,,,,,,,,,,,,,,,,,,,,,,,,,,,,
18,d,v,m,q,n,n,w,d,v,v,p,n,w,v,v,a,x,w,d,v,w,d,d,v,v,n,w,d,v,r,v,n,x,,,,,,,,,,,,,,,,,,,,,,,,,,,
19,t,t,f,n,nr,p,n,v,u,a,w,v,ns,w,d,r,v,ns,w,d,v,m,q,n,w,p,r,d,v,m,n,w,n,d,v,,,,,,,,,,,,,,,,,,,,,,,,,
20,ns,v,v,r,v,v,ns,ns,w,v,v,s,d,a,w,ns,w,ns,w,ns,w,ns,u,n,d,v,n,w,r,d,v,v,ns,w,ns,w,ns,v,u,n,,,,,,,,,,,,,,,,,,,,
21,v,n,v,w,m,q,n,v,v,w,r,m,v,u,n,d,v,m,q,u,v,v,u,,,,,,,,,,,,,,,,,,,,,,,,,,,,,,,,,,,,,
22,v,v,v,n,v,ns,n,v,n,u,n,nr,w,r,n,v,d,v,v,v,n,,,,,,,,,,,,,,,,,,,,,,,,,,,,,,,,,,,,,,,
23,n,v,w,d,v,i,w,v,v,w,v,v,w,v,w,d,v,p,n,v,v,n,u,n,n,x,v,o,u,v,v,n,,,,,,,,,,,,,,,,,,,,,,,,,,,,
24,c,r,w,r,u,n,w,r,u,n,w,w,r,v,u,nr,c,n,w,r,v,v,n,u,a,n,v,v,p,n,v,w,v,p,n,u,n,v,v,n,u,,,,,,,,,,,,,,,,,,,
25,n,c,n,m,q,n,i,u,v,u,n,w,i,p,m,q,v,n,u,n,u,n,w,d,v,v,u,,,,,,,,,,,,,,,,,,,,,,,,,,,,,,,,,
26,w,n,n,w,w,d,v,x,w,n,u,n,v,v,u,w,n,v,w,d,v,v,r,,,,,,,,,,,,,,,,,,,,,,,,,,,,,,,,,,,,,
27,w,n,v,x,w,v,v,n,v,v,n,v,c,v,v,n,u,n,v,x,w,c,r,v,v,w,d,p,r,v,u,,,,,,,,,,,,,,,,,,,,,,,,,,,,,
28,w,n,v,v,w,w,r,d,c,n,v,w,d,v,d,v,u,n,m,v,x,w,n,d,d,a,v,x,,,,,,,,,,,,,,,,,,,,,,,,,,,,,,,,
29,v,u,n,w,n,f,d,v,a,n,u,n,w,d,v,d,v,v,v,w,v,m,v,n,n,w,r,n,s,v,v,m,q,d,v,,,,,,,,,,,,,,,,,,,,,,,,,
30,d,v,nr,n,d,v,w,d,v,m,q,n,u,n,v,w,m,q,d,v,w,v,p,f,v,v,,,,,,,,,,,,,,,,,,,,,,,,,,,,,,,,,,
31,ns,n,s,i,w,p,n,nr,v,u,m,q,w,p,n,d,v,x,w,v,u,r,n,n,w,d,v,r,v,n,v,v,n,w,d,v,r,n,,,,,,,,,,,,,,,,,,,,,,
32,r,n,n,f,n,w,d,v,u,m,q,w,v,v,v,v,m,n,w,n,m,q,n,,,,,,,,,,,,,,,,,,,,,,,,,,,,,,,,,,,,,
33,nr,t,r,d,i,w,v,t,w,t,f,v,w,r,d,v,v,u,n,w,p,v,n,w,r,p,s,v,v,w,w,r,u,n,d,v,n,n,,,,,,,,,,,,,,,,,,,,,,
34,w,ns,n,v,n,w,w,r,n,d,v,w,a,u,d,d,v,v,w,n,c,v,d,u,,,,,,,,,,,,,,,,,,,,,,,,,,,,,,,,,,,,
35,w,nr,v,u,n,w,w,d,v,u,v,n,w,n,r,v,n,w,v,u,n,a,n,,,,,,,,,,,,,,,,,,,,,,,,,,,,,,,,,,,,,
36,v,n,f,n,v,v,w,d,v,m,q,v,v,u,n,w,v,v,n,w,r,n,n,w,v,v,nr,d,v,,,,,,,,,,,,,,,,,,,,,,,,,,,,,,,
37,v,n,v,w,v,i,w,p,n,v,u,n,n,w,n,v,f,w,v,u,n,w,v,v,v,w,v,nr,t,w,v,n,w,v,n,w,n,v,v,n,u,n,w,p,nr,v,m,n,x,,,,,,,,,,,
38,nr,m,q,n,v,n,w,nz,n,v,u,n,w,v,m,q,w,d,v,u,n,,,,,,,,,,,,,,,,,,,,,,,,,,,,,,,,,,,,,,,
39,v,a,n,w,v,m,q,w,v,v,v,w,m,v,w,v,s,v,v,w,v,m,q,n,w,v,d,a,,,,,,,,,,,,,,,,,,,,,,,,,,,,,,,,
40,v,n,d,v,v,u,m,q,n,v,a,x,w,v,p,v,n,w,v,nr,d,v,v,r,w,r,v,v,n,v,u,n,,,,,,,,,,,,,,,,,,,,,,,,,,,,
41,v,n,v,w,v,v,r,v,w,v,q,n,v,u,n,v,u,m,w,p,v,v,d,v,,,,,,,,,,,,,,,,,,,,,,,,,,,,,,,,,,,,
42,nz,n,nr,v,a,w,d,v,r,n,d,v,w,v,v,v,w,v,v,w,r,v,nr,v,,,,,,,,,,,,,,,,,,,,,,,,,,,,,,,,,,,,
43,c,n,v,n,w,nr,v,w,n,t,d,v,n,w,d,v,v,u,nr,n,,,,,,,,,,,,,,,,,,,,,,,,,,,,,,,,,,,,,,,,
44,v,n,v,w,n,d,v,nr,n,u,n,w,c,u,a,w,d,v,n,u,n,n,n,n,w,n,v,n,w,v,v,v,v,,,,,,,,,,,,,,,,,,,,,,,,,,,
45,v,n,nr,v,n,v,w,d,p,r,v,v,w,nr,n,v,w,v,r,r,v,r,v,i,w,v,r,u,n,n,w,n,d,d,v,,,,,,,,,,,,,,,,,,,,,,,,,
46,v,c,n,d,a,w,m,q,n,w,n,m,q,a,w,n,n,w,m,q,m,q,n,n,n,w,n,n,w,v,u,d,a,n,n,w,n,m,q,n,,,,,,,,,,,,,,,,,,,,
47,t,w,nr,n,v,ns,w,v,ns,u,n,w,v,t,w,n,a,,,,,,,,,,,,,,,,,,,,,,,,,,,,,,,,,,,,,,,,,,,
48,ns,w,v,q,n,w,v,r,c,n,a,u,d,v,u,nr,w,d,r,i,w,v,a,nr,r,v,u,v,,,,,,,,,,,,,,,,,,,,,,,,,,,,,,,,
49,c,nr,d,v,r,v,v,u,w,v,v,v,r,n,w,v,r,x,w,r,v,r,,,,,,,,,,,,,,,,,,,,,,,,,,,,,,,,,,,,,,
50,nr,nr,v,w,n,n,v,p,r,s,w,t,d,v,n,v,c,r,v,v,w,v,r,d,d,v,v,,,,,,,,,,,,,,,,,,,,,,,,,,,,,,,,,
